ID	Name	URLs_sheet	Tax_Path_Names	Parent ID	Level	Tax_Path_IDs	Tags	Last Updated
1	Climate Solutions	1.100;1.101;1.102;1.103;1.104;1.105;1.106;1.107;1.108;1.109;1.110;1.111;1.112;1.113;1.114;1.115;1.116	Climate Solutions		1	1899-12-31		2025-05-09
1.1	Power	1.1.100	Power;Power	1	2	1;1.1		2025-05-09
1.1.1	Renewables	1.1.1.100	Power;Renewables;Renewables	1.1	3	1;1.1;1.1.1		2025-05-09
1.1.1.1	Software		Power;Renewables;Software;Software	1.1.1	4	1;1.1;1.1.1;1.1.1.1		2025-05-09
1.1.1.1.1	Asset Management	1.1.1.1.1.100	Power;Renewables;Software;Asset Management;Asset Management	1.1.1.1	5	1;1.1;1.1.1;1.1.1.1;1.1.1.1.1		2025-05-09
1.1.1.1.2	Predictive Analytics		Power;Renewables;Software;Predictive Analytics;Predictive Analytics	1.1.1.1	5	1;1.1;1.1.1;1.1.1.1;1.1.1.1.2		2025-05-09
1.1.1.1.3	Planning and Design		Power;Renewables;Software;Planning and Design;Planning and Design	1.1.1.1	5	1;1.1;1.1.1;1.1.1.1;1.1.1.1.3		2025-05-09
1.1.1.2	Solar	1.1.1.2.100;1.1.1.2.101	Power;Renewables;Solar;Solar	1.1.1	4	1;1.1;1.1.1;1.1.1.2		2025-05-09
1.1.1.2.1	Production and Deployment		Power;Renewables;Solar;Production and Deployment;Production and Deployment	1.1.1.2	5	1;1.1;1.1.1;1.1.1.2;1.1.1.2.1		2025-05-09
1.1.1.2.1.1	Solar Supply Chain		Power;Renewables;Solar;Production and Deployment;Solar Supply Chain;Solar Supply Chain	1.1.1.2.1	6	1;1.1;1.1.1;1.1.1.2;1.1.1.2.1;1.1.1.2.1.1		2025-05-09
1.1.1.2.1.2	Lack of Solar Installers		Power;Renewables;Solar;Production and Deployment;Lack of Solar Installers;Lack of Solar Installers	1.1.1.2.1	6	1;1.1;1.1.1;1.1.1.2;1.1.1.2.1;1.1.1.2.1.2		2025-05-09
1.1.1.2.1.3	Residential Solar	1.1.1.2.1.3.100;1.1.1.2.1.3.101;1.1.1.2.1.3.102;1.1.1.2.1.3.103;1.1.1.2.1.3.104;1.1.1.2.1.3.105;1.1.1.2.1.3.106;1.1.1.2.1.3.107	Power;Renewables;Solar;Production and Deployment;Residential Solar;Residential Solar	1.1.1.2.1	6	1;1.1;1.1.1;1.1.1.2;1.1.1.2.1;1.1.1.2.1.3		2025-05-09
1.1.1.2.1.4	Commercial Solar		Power;Renewables;Solar;Production and Deployment;Commercial Solar;Commercial Solar	1.1.1.2.1	6	1;1.1;1.1.1;1.1.1.2;1.1.1.2.1;1.1.1.2.1.4		2025-05-09
1.1.1.2.1.5	Utility Scale Solar		Power;Renewables;Solar;Production and Deployment;Utility Scale Solar;Utility Scale Solar	1.1.1.2.1	6	1;1.1;1.1.1;1.1.1.2;1.1.1.2.1;1.1.1.2.1.5		2025-05-09
1.1.1.2.1.6	Solar Financing	1.1.1.2.1.6.100	Power;Renewables;Solar;Production and Deployment;Solar Financing;Solar Financing	1.1.1.2.1	6	1;1.1;1.1.1;1.1.1.2;1.1.1.2.1;1.1.1.2.1.6		2025-05-09
1.1.1.2.2	Software for Solar		Power;Renewables;Solar;Software for Solar;Software for Solar	1.1.1.2	5	1;1.1;1.1.1;1.1.1.2;1.1.1.2.2		2025-05-09
1.1.1.2.2.1	SCADA		Power;Renewables;Solar;Software for Solar;SCADA;SCADA	1.1.1.2.2	6	1;1.1;1.1.1;1.1.1.2;1.1.1.2.2;1.1.1.2.2.1		2025-05-09
1.1.1.2.2.2	Yield Optimization		Power;Renewables;Solar;Software for Solar;Yield Optimization;Yield Optimization	1.1.1.2.2	6	1;1.1;1.1.1;1.1.1.2;1.1.1.2.2;1.1.1.2.2.2		2025-05-09
1.1.1.2.2.3	Asset Performance Management		Power;Renewables;Solar;Software for Solar;Asset Performance Management;Asset Performance Management	1.1.1.2.2	6	1;1.1;1.1.1;1.1.1.2;1.1.1.2.2;1.1.1.2.2.3		2025-05-09
1.1.1.2.3	Technological Improvements		Power;Renewables;Solar;Technological Improvements;Technological Improvements	1.1.1.2	5	1;1.1;1.1.1;1.1.1.2;1.1.1.2.3		2025-05-09
1.1.1.2.3.1	Advanced Panels		Power;Renewables;Solar;Technological Improvements;Advanced Panels;Advanced Panels	1.1.1.2.3	6	1;1.1;1.1.1;1.1.1.2;1.1.1.2.3;1.1.1.2.3.1		2025-05-09
1.1.1.2.3.1.1	Perovskite		Power;Renewables;Solar;Technological Improvements;Advanced Panels;Perovskite;Perovskite	1.1.1.2.3.1	7	1;1.1;1.1.1;1.1.1.2;1.1.1.2.3;1.1.1.2.3.1;1.1.1.2.3.1.1		2025-05-09
1.1.1.2.3.1.2	Other new combinations		Power;Renewables;Solar;Technological Improvements;Advanced Panels;Other new combinations;Other new combinations	1.1.1.2.3.1	7	1;1.1;1.1.1;1.1.1.2;1.1.1.2.3;1.1.1.2.3.1;1.1.1.2.3.1.2		2025-05-09
1.1.1.2.3.2	Advanced Trackers		Power;Renewables;Solar;Technological Improvements;Advanced Trackers;Advanced Trackers	1.1.1.2.3	6	1;1.1;1.1.1;1.1.1.2;1.1.1.2.3;1.1.1.2.3.2		2025-05-09
1.1.1.2.3.3	New Structures Concentrated Solar		Power;Renewables;Solar;Technological Improvements;New Structures Concentrated Solar;New Structures Concentrated Solar	1.1.1.2.3	6	1;1.1;1.1.1;1.1.1.2;1.1.1.2.3;1.1.1.2.3.3		2025-05-09
1.1.1.2.3.4	Floating Solar		Power;Renewables;Solar;Technological Improvements;Floating Solar;Floating Solar	1.1.1.2.3	6	1;1.1;1.1.1;1.1.1.2;1.1.1.2.3;1.1.1.2.3.4		2025-05-09
1.1.1.2.3.5	Building Integrated Photovoltaics (BIPV)		Power;Renewables;Solar;Technological Improvements;Building Integrated Photovoltaics (BIPV);Building Integrated Photovoltaics (BIPV)	1.1.1.2.3	6	1;1.1;1.1.1;1.1.1.2;1.1.1.2.3;1.1.1.2.3.5		2025-05-09
1.1.1.2.4	Maintenance		Power;Renewables;Solar;Maintenance;Maintenance	1.1.1.2	5	1;1.1;1.1.1;1.1.1.2;1.1.1.2.4		2025-05-09
1.1.1.2.4.1	Inspections		Power;Renewables;Solar;Maintenance;Inspections;Inspections	1.1.1.2.4	6	1;1.1;1.1.1;1.1.1.2;1.1.1.2.4;1.1.1.2.4.1		2025-05-09
1.1.1.2.4.2	Vegetation		Power;Renewables;Solar;Maintenance;Vegetation;Vegetation	1.1.1.2.4	6	1;1.1;1.1.1;1.1.1.2;1.1.1.2.4;1.1.1.2.4.2		2025-05-09
1.1.1.2.4.3	Panel Cleaning		Power;Renewables;Solar;Maintenance;Panel Cleaning;Panel Cleaning	1.1.1.2.4	6	1;1.1;1.1.1;1.1.1.2;1.1.1.2.4;1.1.1.2.4.3		2025-05-09
1.1.1.2.4.4	Recycling		Power;Renewables;Solar;Maintenance;Recycling;Recycling	1.1.1.2.4	6	1;1.1;1.1.1;1.1.1.2;1.1.1.2.4;1.1.1.2.4.4		2025-05-09
1.1.1.3	Wind		Power;Renewables;Wind;Wind	1.1.1	4	1;1.1;1.1.1;1.1.1.3		2025-05-09
1.1.1.3.1	Production and Deployment		Power;Renewables;Wind;Production and Deployment;Production and Deployment	1.1.1.3	5	1;1.1;1.1.1;1.1.1.3;1.1.1.3.1		2025-05-09
1.1.1.3.1.1	Wind Supply Chain		Power;Renewables;Wind;Production and Deployment;Wind Supply Chain;Wind Supply Chain	1.1.1.3.1	6	1;1.1;1.1.1;1.1.1.3;1.1.1.3.1;1.1.1.3.1.1		2025-05-09
1.1.1.3.1.2	Lack of Wind Installers		Power;Renewables;Wind;Production and Deployment;Lack of Wind Installers;Lack of Wind Installers	1.1.1.3.1	6	1;1.1;1.1.1;1.1.1.3;1.1.1.3.1;1.1.1.3.1.2		2025-05-09
1.1.1.3.1.3	Regulation		Power;Renewables;Wind;Production and Deployment;Regulation;Regulation	1.1.1.3.1	6	1;1.1;1.1.1;1.1.1.3;1.1.1.3.1;1.1.1.3.1.3		2025-05-09
1.1.1.3.2	Onshore Wind		Power;Renewables;Wind;Onshore Wind;Onshore Wind	1.1.1.3	5	1;1.1;1.1.1;1.1.1.3;1.1.1.3.2		2025-05-09
1.1.1.3.3	Offshore Wind		Power;Renewables;Wind;Offshore Wind;Offshore Wind	1.1.1.3	5	1;1.1;1.1.1;1.1.1.3;1.1.1.3.3		2025-05-09
1.1.1.3.3.1	Fixed Support		Power;Renewables;Wind;Offshore Wind;Fixed Support;Fixed Support	1.1.1.3.3	6	1;1.1;1.1.1;1.1.1.3;1.1.1.3.3;1.1.1.3.3.1		2025-05-09
1.1.1.3.3.2	Floating		Power;Renewables;Wind;Offshore Wind;Floating;Floating	1.1.1.3.3	6	1;1.1;1.1.1;1.1.1.3;1.1.1.3.3;1.1.1.3.3.2		2025-05-09
1.1.1.3.4	Improvements		Power;Renewables;Wind;Improvements;Improvements	1.1.1.3	5	1;1.1;1.1.1;1.1.1.3;1.1.1.3.4		2025-05-09
1.1.1.3.4.1	Turbine Attachements		Power;Renewables;Wind;Improvements;Turbine Attachements;Turbine Attachements	1.1.1.3.4	6	1;1.1;1.1.1;1.1.1.3;1.1.1.3.4;1.1.1.3.4.1		2025-05-09
1.1.1.3.4.2	Taller Wind Towers		Power;Renewables;Wind;Improvements;Taller Wind Towers;Taller Wind Towers	1.1.1.3.4	6	1;1.1;1.1.1;1.1.1.3;1.1.1.3.4;1.1.1.3.4.2		2025-05-09
1.1.1.3.4.3	New Turbine Design		Power;Renewables;Wind;Improvements;New Turbine Design;New Turbine Design	1.1.1.3.4	6	1;1.1;1.1.1;1.1.1.3;1.1.1.3.4;1.1.1.3.4.3		2025-05-09
1.1.1.3.4.3.1	Vertical-axis wind turbine (VAWT)		Power;Renewables;Wind;Improvements;New Turbine Design;Vertical-axis wind turbine (VAWT);Vertical-axis wind turbine (VAWT)	1.1.1.3.4.3	7	1;1.1;1.1.1;1.1.1.3;1.1.1.3.4;1.1.1.3.4.3;1.1.1.3.4.3.1		2025-05-09
1.1.1.3.4.4	Blade Recycling		Power;Renewables;Wind;Improvements;Blade Recycling;Blade Recycling	1.1.1.3.4	6	1;1.1;1.1.1;1.1.1.3;1.1.1.3.4;1.1.1.3.4.4		2025-05-09
1.1.1.3.5	Sensors		Power;Renewables;Wind;Sensors;Sensors	1.1.1.3	5	1;1.1;1.1.1;1.1.1.3;1.1.1.3.5		2025-05-09
1.1.1.3.5.1	Hub		Power;Renewables;Wind;Sensors;Hub;Hub	1.1.1.3.5	6	1;1.1;1.1.1;1.1.1.3;1.1.1.3.5;1.1.1.3.5.1		2025-05-09
1.1.1.3.5.2	Blade		Power;Renewables;Wind;Sensors;Blade;Blade	1.1.1.3.5	6	1;1.1;1.1.1;1.1.1.3;1.1.1.3.5;1.1.1.3.5.2		2025-05-09
1.1.1.3.5.3	Windspeed		Power;Renewables;Wind;Sensors;Windspeed;Windspeed	1.1.1.3.5	6	1;1.1;1.1.1;1.1.1.3;1.1.1.3.5;1.1.1.3.5.3		2025-05-09
1.1.1.3.6	Software		Power;Renewables;Wind;Software;Software	1.1.1.3	5	1;1.1;1.1.1;1.1.1.3;1.1.1.3.6		2025-05-09
1.1.1.3.6.1	Yield Optimization		Power;Renewables;Wind;Software;Yield Optimization;Yield Optimization	1.1.1.3.6	6	1;1.1;1.1.1;1.1.1.3;1.1.1.3.6;1.1.1.3.6.1		2025-05-09
1.1.1.3.7	Maintenance		Power;Renewables;Wind;Maintenance;Maintenance	1.1.1.3	5	1;1.1;1.1.1;1.1.1.3;1.1.1.3.7		2025-05-09
1.1.1.3.7.1	Inspections		Power;Renewables;Wind;Maintenance;Inspections;Inspections	1.1.1.3.7	6	1;1.1;1.1.1;1.1.1.3;1.1.1.3.7;1.1.1.3.7.1		2025-05-09
1.1.1.3.7.2	Blade Maintenance		Power;Renewables;Wind;Maintenance;Blade Maintenance;Blade Maintenance	1.1.1.3.7	6	1;1.1;1.1.1;1.1.1.3;1.1.1.3.7;1.1.1.3.7.2		2025-05-09
1.1.1.4	Hydropower		Power;Renewables;Hydropower;Hydropower	1.1.1	4	1;1.1;1.1.1;1.1.1.4		2025-05-09
1.1.1.4.1	Modernising old plants		Power;Renewables;Hydropower;Modernising old plants;Modernising old plants	1.1.1.4	5	1;1.1;1.1.1;1.1.1.4;1.1.1.4.1		2025-05-09
1.1.1.4.2	Generation		Power;Renewables;Hydropower;Generation;Generation	1.1.1.4	5	1;1.1;1.1.1;1.1.1.4;1.1.1.4.2		2025-05-09
1.1.1.4.2.1	Conventional		Power;Renewables;Hydropower;Generation;Conventional;Conventional	1.1.1.4.2	6	1;1.1;1.1.1;1.1.1.4;1.1.1.4.2;1.1.1.4.2.1		2025-05-09
1.1.1.4.2.2	Pumped Storage		Power;Renewables;Hydropower;Generation;Pumped Storage;Pumped Storage	1.1.1.4.2	6	1;1.1;1.1.1;1.1.1.4;1.1.1.4.2;1.1.1.4.2.2		2025-05-09
1.1.1.4.2.3	Run-of-river		Power;Renewables;Hydropower;Generation;Run-of-river;Run-of-river	1.1.1.4.2	6	1;1.1;1.1.1;1.1.1.4;1.1.1.4.2;1.1.1.4.2.3		2025-05-09
1.1.1.4.2.4	Tide		Power;Renewables;Hydropower;Generation;Tide;Tide	1.1.1.4.2	6	1;1.1;1.1.1;1.1.1.4;1.1.1.4.2;1.1.1.4.2.4		2025-05-09
1.1.1.4.2.5	In-pipe		Power;Renewables;Hydropower;Generation;In-pipe;In-pipe	1.1.1.4.2	6	1;1.1;1.1.1;1.1.1.4;1.1.1.4.2;1.1.1.4.2.5		2025-05-09
1.1.1.4.3	Drought Management & Planning		Power;Renewables;Hydropower;Drought Management & Planning;Drought Management & Planning	1.1.1.4	5	1;1.1;1.1.1;1.1.1.4;1.1.1.4.3		2025-05-09
1.1.1.4.4	Environmental Impact		Power;Renewables;Hydropower;Environmental Impact;Environmental Impact	1.1.1.4	5	1;1.1;1.1.1;1.1.1.4;1.1.1.4.4		2025-05-09
1.1.1.4.4.1	Assessment		Power;Renewables;Hydropower;Environmental Impact;Assessment;Assessment	1.1.1.4.4	6	1;1.1;1.1.1;1.1.1.4;1.1.1.4.4;1.1.1.4.4.1		2025-05-09
1.1.1.4.4.2	Mitigation		Power;Renewables;Hydropower;Environmental Impact;Mitigation;Mitigation	1.1.1.4.4	6	1;1.1;1.1.1;1.1.1.4;1.1.1.4.4;1.1.1.4.4.2		2025-05-09
1.1.1.5	Biomass & Waste-To-Energy (WTE)		Power;Renewables;Biomass & Waste-To-Energy (WTE);Biomass & Waste-To-Energy (WTE)	1.1.1	4	1;1.1;1.1.1;1.1.1.5		2025-05-09
1.1.1.5.1	Carbon Capture & Storage		Power;Renewables;Biomass & Waste-To-Energy (WTE);Carbon Capture & Storage;Carbon Capture & Storage	1.1.1.5	5	1;1.1;1.1.1;1.1.1.5;1.1.1.5.1		2025-05-09
1.1.1.5.2	Waste Management		Power;Renewables;Biomass & Waste-To-Energy (WTE);Waste Management;Waste Management	1.1.1.5	5	1;1.1;1.1.1;1.1.1.5;1.1.1.5.2		2025-05-09
1.1.2	Nuclear		Power;Nuclear;Nuclear	1.1	3	1;1.1;1.1.2		2025-05-09
1.1.2.1	Fission		Power;Nuclear;Fission;Fission	1.1.2	4	1;1.1;1.1.2;1.1.2.1		2025-05-09
1.1.2.2	Fusion		Power;Nuclear;Fusion;Fusion	1.1.2	4	1;1.1;1.1.2;1.1.2.2		2025-05-09
1.1.3	Fossil Fuels		Power;Fossil Fuels;Fossil Fuels	1.1	3	1;1.1;1.1.3		2025-05-09
1.1.3.1	Coal		Power;Fossil Fuels;Coal;Coal	1.1.3	4	1;1.1;1.1.3;1.1.3.1		2025-05-09
1.1.3.1.1	Carbon Capture & Storage		Power;Fossil Fuels;Coal;Carbon Capture & Storage;Carbon Capture & Storage	1.1.3.1	5	1;1.1;1.1.3;1.1.3.1;1.1.3.1.1		2025-05-09
1.1.3.1.2	Repurposing of Mines		Power;Fossil Fuels;Coal;Repurposing of Mines;Repurposing of Mines	1.1.3.1	5	1;1.1;1.1.3;1.1.3.1;1.1.3.1.2		2025-05-09
1.1.3.2	Gas		Power;Fossil Fuels;Gas;Gas	1.1.3	4	1;1.1;1.1.3;1.1.3.2		2025-05-09
1.1.3.2.1	Improvements		Power;Fossil Fuels;Gas;Improvements;Improvements	1.1.3.2	5	1;1.1;1.1.3;1.1.3.2;1.1.3.2.1		2025-05-09
1.1.3.2.2	Carbon Capture & Storage		Power;Fossil Fuels;Gas;Carbon Capture & Storage;Carbon Capture & Storage	1.1.3.2	5	1;1.1;1.1.3;1.1.3.2;1.1.3.2.2		2025-05-09
1.1.3.2.3	Flaring emissions		Power;Fossil Fuels;Gas;Flaring emissions;Flaring emissions	1.1.3.2	5	1;1.1;1.1.3;1.1.3.2;1.1.3.2.3		2025-05-09
1.1.4	Energy Storage	1.1.4.100;1.1.4.101;1.1.4.102;1.1.4.103;1.1.4.104	Power;Energy Storage;Energy Storage	1.1	3	1;1.1;1.1.4		2025-05-09
1.1.4.1	Daily peak shaving & ancillary services (4-6h of storage)		Power;Energy Storage;Daily peak shaving & ancillary services (4-6h of storage);Daily peak shaving & ancillary services (4-6h of storage)	1.1.4	4	1;1.1;1.1.4;1.1.4.1		2025-05-09
1.1.4.1.1	Lithium-ion Batteries		Power;Energy Storage;Daily peak shaving & ancillary services (4-6h of storage);Lithium-ion Batteries;Lithium-ion Batteries	1.1.4.1	5	1;1.1;1.1.4;1.1.4.1;1.1.4.1.1		2025-05-09
1.1.4.2	Daily net load balancing (8-16h of storage)		Power;Energy Storage;Daily net load balancing (8-16h of storage);Daily net load balancing (8-16h of storage)	1.1.4	4	1;1.1;1.1.4;1.1.4.2		2025-05-09
1.1.4.2.1	Flow Batteries		Power;Energy Storage;Daily net load balancing (8-16h of storage);Flow Batteries;Flow Batteries	1.1.4.2	5	1;1.1;1.1.4;1.1.4.2;1.1.4.2.1		2025-05-09
1.1.4.2.2	Gravity-based Batteries		Power;Energy Storage;Daily net load balancing (8-16h of storage);Gravity-based Batteries;Gravity-based Batteries	1.1.4.2	5	1;1.1;1.1.4;1.1.4.2;1.1.4.2.2		2025-05-09
1.1.4.2.3	Zinc-based Batteries		Power;Energy Storage;Daily net load balancing (8-16h of storage);Zinc-based Batteries;Zinc-based Batteries	1.1.4.2	5	1;1.1;1.1.4;1.1.4.2;1.1.4.2.3		2025-05-09
1.1.4.2.4	High-temperature Heat		Power;Energy Storage;Daily net load balancing (8-16h of storage);High-temperature Heat;High-temperature Heat	1.1.4.2	5	1;1.1;1.1.4;1.1.4.2;1.1.4.2.4		2025-05-09
1.1.4.2.5	Compressed Fluids		Power;Energy Storage;Daily net load balancing (8-16h of storage);Compressed Fluids;Compressed Fluids	1.1.4.2	5	1;1.1;1.1.4;1.1.4.2;1.1.4.2.5		2025-05-09
1.1.4.2.6	Compressed Air		Power;Energy Storage;Daily net load balancing (8-16h of storage);Compressed Air;Compressed Air	1.1.4.2	5	1;1.1;1.1.4;1.1.4.2;1.1.4.2.6		2025-05-09
1.1.4.3	Firm multi-day & seasonal capacity (100+h of storage)		Power;Energy Storage;Firm multi-day & seasonal capacity (100+h of storage);Firm multi-day & seasonal capacity (100+h of storage)	1.1.4	4	1;1.1;1.1.4;1.1.4.3		2025-05-09
1.1.4.3.1	Iron Air Batteries		Power;Energy Storage;Firm multi-day & seasonal capacity (100+h of storage);Iron Air Batteries;Iron Air Batteries	1.1.4.3	5	1;1.1;1.1.4;1.1.4.3;1.1.4.3.1		2025-05-09
1.1.4.3.2	Hydrogen		Power;Energy Storage;Firm multi-day & seasonal capacity (100+h of storage);Hydrogen;Hydrogen	1.1.4.3	5	1;1.1;1.1.4;1.1.4.3;1.1.4.3.2		2025-05-09
1.1.4.4	Software		Power;Energy Storage;Software;Software	1.1.4	4	1;1.1;1.1.4;1.1.4.4		2025-05-09
1.1.4.4.1	Analytics		Power;Energy Storage;Software;Analytics;Analytics	1.1.4.4	5	1;1.1;1.1.4;1.1.4.4;1.1.4.4.1		2025-05-09
1.1.4.4.2	Optimization		Power;Energy Storage;Software;Optimization;Optimization	1.1.4.4	5	1;1.1;1.1.4;1.1.4.4;1.1.4.4.2		2025-05-09
1.1.4.4.3	Systems		Power;Energy Storage;Software;Systems;Systems	1.1.4.4	5	1;1.1;1.1.4;1.1.4.4;1.1.4.4.3		2025-05-09
1.1.5	Transmission and distribution		Power;Transmission and distribution;Transmission and distribution	1.1	3	1;1.1;1.1.5		2025-05-09
1.1.5.1	Building new transmission		Power;Transmission and distribution;Building new transmission;Building new transmission	1.1.5	4	1;1.1;1.1.5;1.1.5.1		2025-05-09
1.1.5.2	Technologies		Power;Transmission and distribution;Technologies;Technologies	1.1.5	4	1;1.1;1.1.5;1.1.5.2		2025-05-09
1.1.5.2.1	Transformers		Power;Transmission and distribution;Technologies;Transformers;Transformers	1.1.5.2	5	1;1.1;1.1.5;1.1.5.2;1.1.5.2.1		2025-05-09
1.1.5.2.2	Superconducting cables		Power;Transmission and distribution;Technologies;Superconducting cables;Superconducting cables	1.1.5.2	5	1;1.1;1.1.5;1.1.5.2;1.1.5.2.2		2025-05-09
1.1.5.2.3	Power flow controllers		Power;Transmission and distribution;Technologies;Power flow controllers;Power flow controllers	1.1.5.2	5	1;1.1;1.1.5;1.1.5.2;1.1.5.2.3		2025-05-09
1.1.5.2.3.1	Advanced Power Flow Control		Power;Transmission and distribution;Technologies;Power flow controllers;Advanced Power Flow Control;Advanced Power Flow Control	1.1.5.2.3	6	1;1.1;1.1.5;1.1.5.2;1.1.5.2.3;1.1.5.2.3.1		2025-05-09
1.1.5.2.3.2	Dynamic Line Ratings		Power;Transmission and distribution;Technologies;Power flow controllers;Dynamic Line Ratings;Dynamic Line Ratings	1.1.5.2.3	6	1;1.1;1.1.5;1.1.5.2;1.1.5.2.3;1.1.5.2.3.2		2025-05-09
1.1.5.2.3.3	Topology Optimization		Power;Transmission and distribution;Technologies;Power flow controllers;Topology Optimization;Topology Optimization	1.1.5.2.3	6	1;1.1;1.1.5;1.1.5.2;1.1.5.2.3;1.1.5.2.3.3		2025-05-09
1.1.5.2.4	Maintenance		Power;Transmission and distribution;Technologies;Maintenance;Maintenance	1.1.5.2	5	1;1.1;1.1.5;1.1.5.2;1.1.5.2.4		2025-05-09
1.1.5.2.4.1	Inspection		Power;Transmission and distribution;Technologies;Maintenance;Inspection;Inspection	1.1.5.2.4	6	1;1.1;1.1.5;1.1.5.2;1.1.5.2.4;1.1.5.2.4.1		2025-05-09
1.1.6	The Grid & Demand	1.1.6.100;1.1.6.101;1.1.6.1.102	Power;The Grid & Demand;The Grid & Demand	1.1	3	1;1.1;1.1.6		2025-05-09
1.1.6.1	Smart Grids	1.1.6.1.100	Power;The Grid & Demand;Smart Grids;Smart Grids	1.1.6	4	1;1.1;1.1.6;1.1.6.1		2025-05-09
1.1.6.2	Smart meter		Power;The Grid & Demand;Smart meter;Smart meter	1.1.6	4	1;1.1;1.1.6;1.1.6.2		2025-05-09
1.1.6.3	Demand response & control		Power;The Grid & Demand;Demand response & control;Demand response & control	1.1.6	4	1;1.1;1.1.6;1.1.6.3		2025-05-09
1.1.6.4	Microgrid	1.1.6.4.100;1.1.6.4.101;1.1.6.4.102	Power;The Grid & Demand;Microgrid;Microgrid	1.1.6	4	1;1.1;1.1.6;1.1.6.4		2025-05-09
1.1.6.5	Rising Complexity of the Grid & Renewables		Power;The Grid & Demand;Rising Complexity of the Grid & Renewables;Rising Complexity of the Grid & Renewables	1.1.6	4	1;1.1;1.1.6;1.1.6.5		2025-05-09
1.1.6.6	Virtual Power Plants & Distributed Energy Resource (DER)	1.1.6.6.100;1.1.6.6.101	Power;The Grid & Demand;Virtual Power Plants & Distributed Energy Resource (DER);Virtual Power Plants & Distributed Energy Resource (DER)	1.1.6	4	1;1.1;1.1.6;1.1.6.6		2025-05-09
1.1.6.7	Auto feeder switches		Power;The Grid & Demand;Auto feeder switches;Auto feeder switches	1.1.6	4	1;1.1;1.1.6;1.1.6.7		2025-05-09
1.1.6.8	Phasor measurement unit (PMUs)		Power;The Grid & Demand;Phasor measurement unit (PMUs);Phasor measurement unit (PMUs)	1.1.6	4	1;1.1;1.1.6;1.1.6.8		2025-05-09
1.1.6.9	Maintenance		Power;The Grid & Demand;Maintenance;Maintenance	1.1.6	4	1;1.1;1.1.6;1.1.6.9		2025-05-09
1.1.6.9.1	Fault and outage detection		Power;The Grid & Demand;Maintenance;Fault and outage detection;Fault and outage detection	1.1.6.9	5	1;1.1;1.1.6;1.1.6.9;1.1.6.9.1		2025-05-09
1.1.6.9.2	Technical services		Power;The Grid & Demand;Maintenance;Technical services;Technical services	1.1.6.9	5	1;1.1;1.1.6;1.1.6.9;1.1.6.9.2		2025-05-09
1.1.6.10	Software		Power;The Grid & Demand;Software;Software	1.1.6	4	1;1.1;1.1.6;1.1.6.10		2025-05-09
1.1.6.10.1	Workforce Management		Power;The Grid & Demand;Software;Workforce Management;Workforce Management	1.1.6.10	5	1;1.1;1.1.6;1.1.6.10;1.1.6.10.1		2025-05-09
1.1.6.10.2	Asset Management		Power;The Grid & Demand;Software;Asset Management;Asset Management	1.1.6.10	5	1;1.1;1.1.6;1.1.6.10;1.1.6.10.2		2025-05-09
1.1.6.10.3	Analytics		Power;The Grid & Demand;Software;Analytics;Analytics	1.1.6.10	5	1;1.1;1.1.6;1.1.6.10;1.1.6.10.3		2025-05-09
1.1.6.10.4	Cybersecurity		Power;The Grid & Demand;Software;Cybersecurity;Cybersecurity	1.1.6.10	5	1;1.1;1.1.6;1.1.6.10;1.1.6.10.4		2025-05-09
1.1.7	Batteries	1.1.7.100;1.1.7.101	Power;Batteries;Batteries	1.1	3	1;1.1;1.1.7		2025-05-09
1.1.7.1	Manufacturing		Power;Batteries;Manufacturing;Manufacturing	1.1.7	4	1;1.1;1.1.7;1.1.7.1		2025-05-09
1.1.7.1.1	Supply Chain	1.1.7.1.1.100;1.1.7.1.1.101	Power;Batteries;Manufacturing;Supply Chain;Supply Chain	1.1.7.1	5	1;1.1;1.1.7;1.1.7.1;1.1.7.1.1		2025-05-09
1.1.7.1.2	Gigafactories		Power;Batteries;Manufacturing;Gigafactories;Gigafactories	1.1.7.1	5	1;1.1;1.1.7;1.1.7.1;1.1.7.1.2		2025-05-09
1.1.7.2	Portable Use		Power;Batteries;Portable Use;Portable Use	1.1.7	4	1;1.1;1.1.7;1.1.7.2		2025-05-09
1.1.7.3	Industrial Use		Power;Batteries;Industrial Use;Industrial Use	1.1.7	4	1;1.1;1.1.7;1.1.7.3		2025-05-09
1.2	Protect Nature		Protect Nature;Protect Nature	1	2	1;1.2		2025-05-09
1.2.1	Goals		Protect Nature;Goals;Goals	1.2	3	1;1.2;1.2.1		2025-05-09
1.2.1.1	30 by 30		Protect Nature;Goals;30 by 30;30 by 30	1.2.1	4	1;1.2;1.2.1;1.2.1.1		2025-05-09
1.2.1.2	50 by 50		Protect Nature;Goals;50 by 50;50 by 50	1.2.1	4	1;1.2;1.2.1;1.2.1.2		2025-05-09
1.2.2	Nature Zones		Protect Nature;Nature Zones;Nature Zones	1.2	3	1;1.2;1.2.2		2025-05-09
1.2.2.1	Forests		Protect Nature;Nature Zones;Forests;Forests	1.2.2	4	1;1.2;1.2.2;1.2.2.1		2025-05-09
1.2.2.2	Oceans		Protect Nature;Nature Zones;Oceans;Oceans	1.2.2	4	1;1.2;1.2.2;1.2.2.2		2025-05-09
1.2.2.3	Lands		Protect Nature;Nature Zones;Lands;Lands	1.2.2	4	1;1.2;1.2.2;1.2.2.3		2025-05-09
1.2.3	Offsets		Protect Nature;Offsets;Offsets	1.2	3	1;1.2;1.2.3		2025-05-09
1.3	Transportation	1.3.100;1.3.101;1.3.102	Transportation;Transportation	1	2	1;1.3		2025-05-09
1.3.1	2 Wheelers & Micro Mobility		Transportation;2 Wheelers & Micro Mobility;2 Wheelers & Micro Mobility	1.3	3	1;1.3;1.3.1		2025-05-09
1.3.1.1	eScooters		Transportation;2 Wheelers & Micro Mobility;eScooters;eScooters	1.3.1	4	1;1.3;1.3.1;1.3.1.1		2025-05-09
1.3.1.2	eBikes		Transportation;2 Wheelers & Micro Mobility;eBikes;eBikes	1.3.1	4	1;1.3;1.3.1;1.3.1.2		2025-05-09
1.3.1.3	eCargo Bikes		Transportation;2 Wheelers & Micro Mobility;eCargo Bikes;eCargo Bikes	1.3.1	4	1;1.3;1.3.1;1.3.1.3		2025-05-09
1.3.2	3 Wheelers		Transportation;3 Wheelers;3 Wheelers	1.3	3	1;1.3;1.3.2		2025-05-09
1.3.3	Cars		Transportation;Cars;Cars	1.3	3	1;1.3;1.3.3		2025-05-09
1.3.3.1	EVs	1.3.3.1.100	Transportation;Cars;EVs;EVs	1.3.3	4	1;1.3;1.3.3;1.3.3.1		2025-05-09
1.3.3.1.1	Production		Transportation;Cars;EVs;Production;Production	1.3.3.1	5	1;1.3;1.3.3;1.3.3.1;1.3.3.1.1		2025-05-09
1.3.3.1.2	Charging		Transportation;Cars;EVs;Charging;Charging	1.3.3.1	5	1;1.3;1.3.3;1.3.3.1;1.3.3.1.2		2025-05-09
1.3.3.1.2.1	Public Charging Network	1.3.3.1.2.1.100	Transportation;Cars;EVs;Charging;Public Charging Network;Public Charging Network	1.3.3.1.2	6	1;1.3;1.3.3;1.3.3.1;1.3.3.1.2;1.3.3.1.2.1		2025-05-09
1.3.3.1.2.2	Home charging		Transportation;Cars;EVs;Charging;Home charging;Home charging	1.3.3.1.2	6	1;1.3;1.3.3;1.3.3.1;1.3.3.1.2;1.3.3.1.2.2		2025-05-09
1.3.3.1.3	Autonomy		Transportation;Cars;EVs;Autonomy;Autonomy	1.3.3.1	5	1;1.3;1.3.3;1.3.3.1;1.3.3.1.3		2025-05-09
1.3.3.1.4	Battery Improvements		Transportation;Cars;EVs;Battery Improvements;Battery Improvements	1.3.3.1	5	1;1.3;1.3.3;1.3.3.1;1.3.3.1.4		2025-05-09
1.3.3.2	Hydrogen		Transportation;Cars;Hydrogen;Hydrogen	1.3.3	4	1;1.3;1.3.3;1.3.3.2		2025-05-09
1.3.3.3	Natural Gas		Transportation;Cars;Natural Gas;Natural Gas	1.3.3	4	1;1.3;1.3.3;1.3.3.3		2025-05-09
1.3.4	Fleet electrification		Transportation;Fleet electrification;Fleet electrification	1.3	3	1;1.3;1.3.4		2025-05-09
1.3.4.1	Fleet electrification-as-a-service		Transportation;Fleet electrification;Fleet electrification-as-a-service;Fleet electrification-as-a-service	1.3.4	4	1;1.3;1.3.4;1.3.4.1		2025-05-09
1.3.4.2	Charging for corporate fleets		Transportation;Fleet electrification;Charging for corporate fleets;Charging for corporate fleets	1.3.4	4	1;1.3;1.3.4;1.3.4.2		2025-05-09
1.3.4.3	Driver-focused services		Transportation;Fleet electrification;Driver-focused services;Driver-focused services	1.3.4	4	1;1.3;1.3.4;1.3.4.3		2025-05-09
1.3.4.4	Logistics & optimisation		Transportation;Fleet electrification;Logistics & optimisation;Logistics & optimisation	1.3.4	4	1;1.3;1.3.4;1.3.4.4		2025-05-09
1.3.4.5	Fleet management & telematics		Transportation;Fleet electrification;Fleet management & telematics;Fleet management & telematics	1.3.4	4	1;1.3;1.3.4;1.3.4.5		2025-05-09
1.3.4.6	Last-mile delivery electrification		Transportation;Fleet electrification;Last-mile delivery electrification;Last-mile delivery electrification	1.3.4	4	1;1.3;1.3.4;1.3.4.6		2025-05-09
1.3.4.7	Mobility-as-a-service for corporates		Transportation;Fleet electrification;Mobility-as-a-service for corporates;Mobility-as-a-service for corporates	1.3.4	4	1;1.3;1.3.4;1.3.4.7		2025-05-09
1.3.5	Buses		Transportation;Buses;Buses	1.3	3	1;1.3;1.3.5		2025-05-09
1.3.5.1	Electric Buses		Transportation;Buses;Electric Buses;Electric Buses	1.3.5	4	1;1.3;1.3.5;1.3.5.1		2025-05-09
1.3.5.1.1	Production		Transportation;Buses;Electric Buses;Production;Production	1.3.5.1	5	1;1.3;1.3.5;1.3.5.1;1.3.5.1.1		2025-05-09
1.3.5.1.2	Charging		Transportation;Buses;Electric Buses;Charging;Charging	1.3.5.1	5	1;1.3;1.3.5;1.3.5.1;1.3.5.1.2		2025-05-09
1.3.5.1.3	Autonomy		Transportation;Buses;Electric Buses;Autonomy;Autonomy	1.3.5.1	5	1;1.3;1.3.5;1.3.5.1;1.3.5.1.3		2025-05-09
1.3.5.1.4	Battery Improvements		Transportation;Buses;Electric Buses;Battery Improvements;Battery Improvements	1.3.5.1	5	1;1.3;1.3.5;1.3.5.1;1.3.5.1.4		2025-05-09
1.3.5.1.5	Electrify school buses		Transportation;Buses;Electric Buses;Electrify school buses;Electrify school buses	1.3.5.1	5	1;1.3;1.3.5;1.3.5.1;1.3.5.1.5		2025-05-09
1.3.5.2	Hydrogen		Transportation;Buses;Hydrogen;Hydrogen	1.3.5	4	1;1.3;1.3.5;1.3.5.2		2025-05-09
1.3.5.3	Natural Gas		Transportation;Buses;Natural Gas;Natural Gas	1.3.5	4	1;1.3;1.3.5;1.3.5.3		2025-05-09
1.3.6	Trucks		Transportation;Trucks;Trucks	1.3	3	1;1.3;1.3.6		2025-05-09
1.3.6.1	Electric Trucks	1.3.6.1.100	Transportation;Trucks;Electric Trucks;Electric Trucks	1.3.6	4	1;1.3;1.3.6;1.3.6.1		2025-05-09
1.3.6.1.1	Delivery Trucks		Transportation;Trucks;Electric Trucks;Delivery Trucks;Delivery Trucks	1.3.6.1	5	1;1.3;1.3.6;1.3.6.1;1.3.6.1.1		2025-05-09
1.3.6.1.1.1	Light & Medium		Transportation;Trucks;Electric Trucks;Delivery Trucks;Light & Medium;Light & Medium	1.3.6.1.1	6	1;1.3;1.3.6;1.3.6.1;1.3.6.1.1;1.3.6.1.1.1		2025-05-09
1.3.6.1.1.2	Heavy	1.3.6.1.1.2.100	Transportation;Trucks;Electric Trucks;Delivery Trucks;Heavy;Heavy	1.3.6.1.1	6	1;1.3;1.3.6;1.3.6.1;1.3.6.1.1;1.3.6.1.1.2		2025-05-09
1.3.6.1.2	eRV		Transportation;Trucks;Electric Trucks;eRV;eRV	1.3.6.1	5	1;1.3;1.3.6;1.3.6.1;1.3.6.1.2		2025-05-09
1.3.6.2	Hydrogen Trucks		Transportation;Trucks;Hydrogen Trucks;Hydrogen Trucks	1.3.6	4	1;1.3;1.3.6;1.3.6.2		2025-05-09
1.3.6.3	Hybrid Trucks		Transportation;Trucks;Hybrid Trucks;Hybrid Trucks	1.3.6	4	1;1.3;1.3.6;1.3.6.3		2025-05-09
1.3.6.4	Carbon Capture		Transportation;Trucks;Carbon Capture;Carbon Capture	1.3.6	4	1;1.3;1.3.6;1.3.6.4		2025-05-09
1.3.6.5	Power train & Drive train retrofit		Transportation;Trucks;Power train & Drive train retrofit;Power train & Drive train retrofit	1.3.6	4	1;1.3;1.3.6;1.3.6.5		2025-05-09
1.3.6.5.1	Electric		Transportation;Trucks;Power train & Drive train retrofit;Electric;Electric	1.3.6.5	5	1;1.3;1.3.6;1.3.6.5;1.3.6.5.1		2025-05-09
1.3.6.5.2	Hydrogen		Transportation;Trucks;Power train & Drive train retrofit;Hydrogen;Hydrogen	1.3.6.5	5	1;1.3;1.3.6;1.3.6.5;1.3.6.5.2		2025-05-09
1.3.6.6	Truck stops		Transportation;Trucks;Truck stops;Truck stops	1.3.6	4	1;1.3;1.3.6;1.3.6.6		2025-05-09
1.3.7	Rail		Transportation;Rail;Rail	1.3	3	1;1.3;1.3.7		2025-05-09
1.3.7.1	Electric Rail		Transportation;Rail;Electric Rail;Electric Rail	1.3.7	4	1;1.3;1.3.7;1.3.7.1		2025-05-09
1.3.7.2	Hydrogen Rail		Transportation;Rail;Hydrogen Rail;Hydrogen Rail	1.3.7	4	1;1.3;1.3.7;1.3.7.2		2025-05-09
1.3.7.3	Autonomy		Transportation;Rail;Autonomy;Autonomy	1.3.7	4	1;1.3;1.3.7;1.3.7.3		2025-05-09
1.3.8	Maritime		Transportation;Maritime;Maritime	1.3	3	1;1.3;1.3.8		2025-05-09
1.3.8.1	Electric Ships		Transportation;Maritime;Electric Ships;Electric Ships	1.3.8	4	1;1.3;1.3.8;1.3.8.1		2025-05-09
1.3.8.2	Improvements & Energy Efficiency		Transportation;Maritime;Improvements & Energy Efficiency;Improvements & Energy Efficiency	1.3.8	4	1;1.3;1.3.8;1.3.8.2		2025-05-09
1.3.8.2.1	Sails		Transportation;Maritime;Improvements & Energy Efficiency;Sails;Sails	1.3.8.2	5	1;1.3;1.3.8;1.3.8.2;1.3.8.2.1		2025-05-09
1.3.8.2.2	Operational Measures		Transportation;Maritime;Improvements & Energy Efficiency;Operational Measures;Operational Measures	1.3.8.2	5	1;1.3;1.3.8;1.3.8.2;1.3.8.2.2		2025-05-09
1.3.8.3	Autonomy		Transportation;Maritime;Autonomy;Autonomy	1.3.8	4	1;1.3;1.3.8;1.3.8.3		2025-05-09
1.3.8.4	Carbon Capture & Storage		Transportation;Maritime;Carbon Capture & Storage;Carbon Capture & Storage	1.3.8	4	1;1.3;1.3.8;1.3.8.4		2025-05-09
1.3.8.5	Alternative Fuels		Transportation;Maritime;Alternative Fuels;Alternative Fuels	1.3.8	4	1;1.3;1.3.8;1.3.8.5		2025-05-09
1.3.8.5.1	LNG		Transportation;Maritime;Alternative Fuels;LNG;LNG	1.3.8.5	5	1;1.3;1.3.8;1.3.8.5;1.3.8.5.1		2025-05-09
1.3.8.5.2	Hydrogen		Transportation;Maritime;Alternative Fuels;Hydrogen;Hydrogen	1.3.8.5	5	1;1.3;1.3.8;1.3.8.5;1.3.8.5.2		2025-05-09
1.3.8.5.3	Ammonia		Transportation;Maritime;Alternative Fuels;Ammonia;Ammonia	1.3.8.5	5	1;1.3;1.3.8;1.3.8.5;1.3.8.5.3		2025-05-09
1.3.8.6	Ports		Transportation;Maritime;Ports;Ports	1.3.8	4	1;1.3;1.3.8;1.3.8.6		2025-05-09
1.3.8.6.1	Portside fueling		Transportation;Maritime;Ports;Portside fueling;Portside fueling	1.3.8.6	5	1;1.3;1.3.8;1.3.8.6;1.3.8.6.1		2025-05-09
1.3.8.6.2	Loading & Port Operations		Transportation;Maritime;Ports;Loading & Port Operations;Loading & Port Operations	1.3.8.6	5	1;1.3;1.3.8;1.3.8.6;1.3.8.6.2		2025-05-09
1.3.8.6.3	Carbon Management Software		Transportation;Maritime;Ports;Carbon Management Software;Carbon Management Software	1.3.8.6	5	1;1.3;1.3.8;1.3.8.6;1.3.8.6.3		2025-05-09
1.3.8.6.4	Autonomous Unmanned Vehicles		Transportation;Maritime;Ports;Autonomous Unmanned Vehicles;Autonomous Unmanned Vehicles	1.3.8.6	5	1;1.3;1.3.8;1.3.8.6;1.3.8.6.4		2025-05-09
1.3.8.7	Recreational boats		Transportation;Maritime;Recreational boats;Recreational boats	1.3.8	4	1;1.3;1.3.8;1.3.8.7		2025-05-09
1.3.9	Planes	1.3.9.100	Transportation;Planes;Planes	1.3	3	1;1.3;1.3.9		2025-05-09
1.3.9.1	eFuels	1.3.9.1.100	Transportation;Planes;eFuels;eFuels	1.3.9	4	1;1.3;1.3.9;1.3.9.1		2025-05-09
1.3.9.2	Hydrogen	1.3.9.2.100	Transportation;Planes;Hydrogen;Hydrogen	1.3.9	4	1;1.3;1.3.9;1.3.9.2		2025-05-09
1.3.9.3	Electric Planes		Transportation;Planes;Electric Planes;Electric Planes	1.3.9	4	1;1.3;1.3.9;1.3.9.3		2025-05-09
1.3.9.4	Airports		Transportation;Planes;Airports;Airports	1.3.9	4	1;1.3;1.3.9;1.3.9.4		2025-05-09
1.3.9.4.1	Fueling		Transportation;Planes;Airports;Fueling;Fueling	1.3.9.4	5	1;1.3;1.3.9;1.3.9.4;1.3.9.4.1		2025-05-09
1.3.9.4.2	Gate electrification		Transportation;Planes;Airports;Gate electrification;Gate electrification	1.3.9.4	5	1;1.3;1.3.9;1.3.9.4;1.3.9.4.2		2025-05-09
1.3.9.4.3	Rental Cars		Transportation;Planes;Airports;Rental Cars;Rental Cars	1.3.9.4	5	1;1.3;1.3.9;1.3.9.4;1.3.9.4.3		2025-05-09
1.3.9.5	Efficiency improvements		Transportation;Planes;Efficiency improvements;Efficiency improvements	1.3.9	4	1;1.3;1.3.9;1.3.9.5		2025-05-09
1.4	Water	1.4.100	Water;Water	1	2	1;1.4		2025-05-09
1.4.1	Conservation		Water;Conservation;Conservation	1.4	3	1;1.4;1.4.1		2025-05-09
1.4.2	Monitoring & Efficiency		Water;Monitoring & Efficiency;Monitoring & Efficiency	1.4	3	1;1.4;1.4.2		2025-05-09
1.4.3	Wastewater		Water;Wastewater;Wastewater	1.4	3	1;1.4;1.4.3		2025-05-09
1.4.4	Irrigation		Water;Irrigation;Irrigation	1.4	3	1;1.4;1.4.4		2025-05-09
1.4.5	Purification		Water;Purification;Purification	1.4	3	1;1.4;1.4.5		2025-05-09
1.4.6	Extraction		Water;Extraction;Extraction	1.4	3	1;1.4;1.4.6		2025-05-09
1.4.6.1	Desalination		Water;Extraction;Desalination;Desalination	1.4.6	4	1;1.4;1.4.6;1.4.6.1		2025-05-09
1.4.6.2	Rainwater		Water;Extraction;Rainwater;Rainwater	1.4.6	4	1;1.4;1.4.6;1.4.6.2		2025-05-09
1.4.6.3	Atmospheric Extraction		Water;Extraction;Atmospheric Extraction;Atmospheric Extraction	1.4.6	4	1;1.4;1.4.6;1.4.6.3		2025-05-09
1.5	Food and Agriculture	1.5.100;1.5.101;1.5.102;1.5.103	Food and Agriculture;Food and Agriculture	1	2	1;1.5		2025-05-09
1.5.1	Farms		Food and Agriculture;Farms;Farms	1.5	3	1;1.5;1.5.1		2025-05-09
1.5.1.1	Farm Soils		Food and Agriculture;Farms;Farm Soils;Farm Soils	1.5.1	4	1;1.5;1.5.1;1.5.1.1		2025-05-09
1.5.1.1.1	Soil carbon measurement		Food and Agriculture;Farms;Farm Soils;Soil carbon measurement;Soil carbon measurement	1.5.1.1	5	1;1.5;1.5.1;1.5.1.1;1.5.1.1.1		2025-05-09
1.5.1.1.2	Farm monitoring		Food and Agriculture;Farms;Farm Soils;Farm monitoring;Farm monitoring	1.5.1.1	5	1;1.5;1.5.1;1.5.1.1;1.5.1.1.2		2025-05-09
1.5.1.1.3	Soil improvements		Food and Agriculture;Farms;Farm Soils;Soil improvements;Soil improvements	1.5.1.1	5	1;1.5;1.5.1;1.5.1.1;1.5.1.1.3		2025-05-09
1.5.1.1.4	Fertilizers		Food and Agriculture;Farms;Farm Soils;Fertilizers;Fertilizers	1.5.1.1	5	1;1.5;1.5.1;1.5.1.1;1.5.1.1.4		2025-05-09
1.5.1.2	Sustainable agriculture	1.5.1.2.100;1.5.1.2.101	Food and Agriculture;Farms;Sustainable agriculture;Sustainable agriculture	1.5.1	4	1;1.5;1.5.1;1.5.1.2		2025-05-09
1.5.1.3	Regenerative farming		Food and Agriculture;Farms;Regenerative farming;Regenerative farming	1.5.1	4	1;1.5;1.5.1;1.5.1.3		2025-05-09
1.5.1.4	Vertical farming	1.5.1.4.100	Food and Agriculture;Farms;Vertical farming;Vertical farming	1.5.1	4	1;1.5;1.5.1;1.5.1.4		2025-05-09
1.5.1.5	Indoor farming		Food and Agriculture;Farms;Indoor farming;Indoor farming	1.5.1	4	1;1.5;1.5.1;1.5.1.5		2025-05-09
1.5.1.6	Hydroponics		Food and Agriculture;Farms;Hydroponics;Hydroponics	1.5.1	4	1;1.5;1.5.1;1.5.1.6		2025-05-09
1.5.1.7	Animal & Livestock Farms	1.5.1.7.100;1.5.1.7.101	Food and Agriculture;Farms;Animal & Livestock Farms;Animal & Livestock Farms	1.5.1	4	1;1.5;1.5.1;1.5.1.7		2025-05-09
1.5.2	Farm Carbon Capture		Food and Agriculture;Farm Carbon Capture;Farm Carbon Capture	1.5	3	1;1.5;1.5.2		2025-05-09
1.5.2.1	Cattle feed additives		Food and Agriculture;Farm Carbon Capture;Cattle feed additives;Cattle feed additives	1.5.2	4	1;1.5;1.5.2;1.5.2.1		2025-05-09
1.5.2.2	Manure digestion		Food and Agriculture;Farm Carbon Capture;Manure digestion;Manure digestion	1.5.2	4	1;1.5;1.5.2;1.5.2.2		2025-05-09
1.5.2.3	Biogas capture		Food and Agriculture;Farm Carbon Capture;Biogas capture;Biogas capture	1.5.2	4	1;1.5;1.5.2;1.5.2.3		2025-05-09
1.5.3	Alternative protein & dairy	1.5.3.100;1.5.3.101	Food and Agriculture;Alternative protein & dairy;Alternative protein & dairy	1.5	3	1;1.5;1.5.3		2025-05-09
1.5.3.1	Plant based		Food and Agriculture;Alternative protein & dairy;Plant based;Plant based	1.5.3	4	1;1.5;1.5.3;1.5.3.1		2025-05-09
1.5.3.1.1	Meat		Food and Agriculture;Alternative protein & dairy;Plant based;Meat;Meat	1.5.3.1	5	1;1.5;1.5.3;1.5.3.1;1.5.3.1.1		2025-05-09
1.5.3.1.2	Dairy		Food and Agriculture;Alternative protein & dairy;Plant based;Dairy;Dairy	1.5.3.1	5	1;1.5;1.5.3;1.5.3.1;1.5.3.1.2		2025-05-09
1.5.3.1.3	Eggs		Food and Agriculture;Alternative protein & dairy;Plant based;Eggs;Eggs	1.5.3.1	5	1;1.5;1.5.3;1.5.3.1;1.5.3.1.3		2025-05-09
1.5.3.2	Cultivated Meats	1.5.3.2.100	Food and Agriculture;Alternative protein & dairy;Cultivated Meats;Cultivated Meats	1.5.3	4	1;1.5;1.5.3;1.5.3.2		2025-05-09
1.5.3.2.1	Whole cuts		Food and Agriculture;Alternative protein & dairy;Cultivated Meats;Whole cuts;Whole cuts	1.5.3.2	5	1;1.5;1.5.3;1.5.3.2;1.5.3.2.1		2025-05-09
1.5.3.2.2	Cell mass		Food and Agriculture;Alternative protein & dairy;Cultivated Meats;Cell mass;Cell mass	1.5.3.2	5	1;1.5;1.5.3;1.5.3.2;1.5.3.2.2		2025-05-09
1.5.3.3	Supporting Tech		Food and Agriculture;Alternative protein & dairy;Supporting Tech;Supporting Tech	1.5.3	4	1;1.5;1.5.3;1.5.3.3		2025-05-09
1.5.3.3.1	3D Printing		Food and Agriculture;Alternative protein & dairy;Supporting Tech;3D Printing;3D Printing	1.5.3.3	5	1;1.5;1.5.3;1.5.3.3;1.5.3.3.1		2025-05-09
1.5.3.3.2	Scaffolding		Food and Agriculture;Alternative protein & dairy;Supporting Tech;Scaffolding;Scaffolding	1.5.3.3	5	1;1.5;1.5.3;1.5.3.3;1.5.3.3.2		2025-05-09
1.5.3.3.3	Growth Media		Food and Agriculture;Alternative protein & dairy;Supporting Tech;Growth Media;Growth Media	1.5.3.3	5	1;1.5;1.5.3;1.5.3.3;1.5.3.3.3		2025-05-09
1.5.3.3.4	Bioreactors		Food and Agriculture;Alternative protein & dairy;Supporting Tech;Bioreactors;Bioreactors	1.5.3.3	5	1;1.5;1.5.3;1.5.3.3;1.5.3.3.4		2025-05-09
1.5.3.4	Fermentation		Food and Agriculture;Alternative protein & dairy;Fermentation;Fermentation	1.5.3	4	1;1.5;1.5.3;1.5.3.4		2025-05-09
1.5.3.4.1	Biomass Mycoprotein		Food and Agriculture;Alternative protein & dairy;Fermentation;Biomass Mycoprotein;Biomass Mycoprotein	1.5.3.4	5	1;1.5;1.5.3;1.5.3.4;1.5.3.4.1		2025-05-09
1.5.3.4.2	Precision Fermentation		Food and Agriculture;Alternative protein & dairy;Fermentation;Precision Fermentation;Precision Fermentation	1.5.3.4	5	1;1.5;1.5.3;1.5.3.4;1.5.3.4.2		2025-05-09
1.5.3.4.2.1	Dairy		Food and Agriculture;Alternative protein & dairy;Fermentation;Precision Fermentation;Dairy;Dairy	1.5.3.4.2	6	1;1.5;1.5.3;1.5.3.4;1.5.3.4.2;1.5.3.4.2.1		2025-05-09
1.5.3.4.2.2	Eggs		Food and Agriculture;Alternative protein & dairy;Fermentation;Precision Fermentation;Eggs;Eggs	1.5.3.4.2	6	1;1.5;1.5.3;1.5.3.4;1.5.3.4.2;1.5.3.4.2.2		2025-05-09
1.5.3.4.2.3	Other Ingredients		Food and Agriculture;Alternative protein & dairy;Fermentation;Precision Fermentation;Other Ingredients;Other Ingredients	1.5.3.4.2	6	1;1.5;1.5.3;1.5.3.4;1.5.3.4.2;1.5.3.4.2.3		2025-05-09
1.5.3.5	Air Protein		Food and Agriculture;Alternative protein & dairy;Air Protein;Air Protein	1.5.3	4	1;1.5;1.5.3;1.5.3.5		2025-05-09
1.5.3.6	Molecular Farming		Food and Agriculture;Alternative protein & dairy;Molecular Farming;Molecular Farming	1.5.3	4	1;1.5;1.5.3;1.5.3.6		2025-05-09
1.5.3.7	Insect Proetein		Food and Agriculture;Alternative protein & dairy;Insect Proetein;Insect Proetein	1.5.3	4	1;1.5;1.5.3;1.5.3.7		2025-05-09
1.5.3.8	Regenerative aquaculture		Food and Agriculture;Alternative protein & dairy;Regenerative aquaculture;Regenerative aquaculture	1.5.3	4	1;1.5;1.5.3;1.5.3.8		2025-05-09
1.5.4	Mushrooms	1.5.4.100;1.5.4.101	Food and Agriculture;Mushrooms;Mushrooms	1.5	3	1;1.5;1.5.4		2025-05-09
1.5.4.1	Macro Farms		Food and Agriculture;Mushrooms;Macro Farms;Macro Farms	1.5.4	4	1;1.5;1.5.4;1.5.4.1		2025-05-09
1.5.4.2	Micro Farms		Food and Agriculture;Mushrooms;Micro Farms;Micro Farms	1.5.4	4	1;1.5;1.5.4;1.5.4.2		2025-05-09
1.5.4.3	D2C		Food and Agriculture;Mushrooms;D2C;D2C	1.5.4	4	1;1.5;1.5.4;1.5.4.3		2025-05-09
1.5.5	Subsidies		Food and Agriculture;Subsidies;Subsidies	1.5	3	1;1.5;1.5.5		2025-05-09
1.5.6	Crop production		Food and Agriculture;Crop production;Crop production	1.5	3	1;1.5;1.5.6		2025-05-09
1.5.6.1	Crop sensors		Food and Agriculture;Crop production;Crop sensors;Crop sensors	1.5.6	4	1;1.5;1.5.6;1.5.6.1		2025-05-09
1.5.6.2	Automated farm equipment		Food and Agriculture;Crop production;Automated farm equipment;Automated farm equipment	1.5.6	4	1;1.5;1.5.6;1.5.6.2		2025-05-09
1.5.6.3	New climate crop		Food and Agriculture;Crop production;New climate crop;New climate crop	1.5.6	4	1;1.5;1.5.6;1.5.6.3		2025-05-09
1.5.6.3.1	Rice		Food and Agriculture;Crop production;New climate crop;Rice;Rice	1.5.6.3	5	1;1.5;1.5.6;1.5.6.3;1.5.6.3.1		2025-05-09
1.5.6.3.2	Wheat		Food and Agriculture;Crop production;New climate crop;Wheat;Wheat	1.5.6.3	5	1;1.5;1.5.6;1.5.6.3;1.5.6.3.2		2025-05-09
1.5.7	Shift to Climatarian Diet		Food and Agriculture;Shift to Climatarian Diet;Shift to Climatarian Diet	1.5	3	1;1.5;1.5.7		2025-05-09
1.5.8	Food Waste	1.5.8.100;1.5.8.101	Food and Agriculture;Food Waste;Food Waste	1.5	3	1;1.5;1.5.8		2025-05-09
1.5.8.1	Residential		Food and Agriculture;Food Waste;Residential;Residential	1.5.8	4	1;1.5;1.5.8;1.5.8.1		2025-05-09
1.5.8.2	Commercial		Food and Agriculture;Food Waste;Commercial;Commercial	1.5.8	4	1;1.5;1.5.8;1.5.8.2		2025-05-09
1.5.8.3	Analytics		Food and Agriculture;Food Waste;Analytics;Analytics	1.5.8	4	1;1.5;1.5.8;1.5.8.3		2025-05-09
1.5.8.4	Surplus Management		Food and Agriculture;Food Waste;Surplus Management;Surplus Management	1.5.8	4	1;1.5;1.5.8;1.5.8.4		2025-05-09
1.5.8.4.1	Overordering		Food and Agriculture;Food Waste;Surplus Management;Overordering;Overordering	1.5.8.4	5	1;1.5;1.5.8;1.5.8.4;1.5.8.4.1		2025-05-09
1.6	Circular Economy	1.6.100;1.6.101;1.6.102;1.6.103;1.6.104;1.6.105	Circular Economy;Circular Economy	1	2	1;1.6		2025-05-09
1.6.1	Rethink	1.6.1.100;1.6.1.101;1.6.1.102;1.6.1.103;1.6.1.104;1.6.1.105	Circular Economy;Rethink;Rethink	1.6	3	1;1.6;1.6.1		2025-05-09
1.6.1.1	Material Management Platform		Circular Economy;Rethink;Material Management Platform;Material Management Platform	1.6.1	4	1;1.6;1.6.1;1.6.1.1		2025-05-09
1.6.1.2	New Materials	1.6.1.2.100;1.6.1.2.101;1.6.1.2.102	Circular Economy;Rethink;New Materials;New Materials	1.6.1	4	1;1.6;1.6.1;1.6.1.2		2025-05-09
1.6.1.2.1	Plastic Alternatives	1.6.1.2.1.100	Circular Economy;Rethink;New Materials;Plastic Alternatives;Plastic Alternatives	1.6.1.2	5	1;1.6;1.6.1;1.6.1.2;1.6.1.2.1		2025-05-09
1.6.1.2.2	Low-carbon & Carbon negative materials		Circular Economy;Rethink;New Materials;Low-carbon & Carbon negative materials;Low-carbon & Carbon negative materials	1.6.1.2	5	1;1.6;1.6.1;1.6.1.2;1.6.1.2.2		2025-05-09
1.6.1.2.3	Waste as Input		Circular Economy;Rethink;New Materials;Waste as Input;Waste as Input	1.6.1.2	5	1;1.6;1.6.1;1.6.1.2;1.6.1.2.3		2025-05-09
1.6.1.3	Logistics & Reverse Logistics		Circular Economy;Rethink;Logistics & Reverse Logistics;Logistics & Reverse Logistics	1.6.1	4	1;1.6;1.6.1;1.6.1.3		2025-05-09
1.6.2	Recycle		Circular Economy;Recycle;Recycle	1.6	3	1;1.6;1.6.2		2025-05-09
1.6.2.1	Recycling	1.6.2.1.100;1.6.2.1.101	Circular Economy;Recycle;Recycling;Recycling	1.6.2	4	1;1.6;1.6.2;1.6.2.1		2025-05-09
1.6.2.1.1	Consumer Facing Recycling	1.6.2.1.1.100;1.6.2.1.1.101;1.6.2.1.1.102	Circular Economy;Recycle;Recycling;Consumer Facing Recycling;Consumer Facing Recycling	1.6.2.1	5	1;1.6;1.6.2;1.6.2.1;1.6.2.1.1		2025-05-09
1.6.2.1.2	Battery recycling	1.6.2.1.2.100	Circular Economy;Recycle;Recycling;Battery recycling;Battery recycling	1.6.2.1	5	1;1.6;1.6.2;1.6.2.1;1.6.2.1.2		2025-05-09
1.6.2.1.3	Plastics recycling	1.6.2.1.3.100;1.6.2.1.3.101	Circular Economy;Recycle;Recycling;Plastics recycling;Plastics recycling	1.6.2.1	5	1;1.6;1.6.2;1.6.2.1;1.6.2.1.3		2025-05-09
1.6.2.1.4	Recycling other materials	1.6.2.1.4.100	Circular Economy;Recycle;Recycling;Recycling other materials;Recycling other materials	1.6.2.1	5	1;1.6;1.6.2;1.6.2.1;1.6.2.1.4		2025-05-09
1.6.2.2	Waste Management	1.6.2.2.100	Circular Economy;Recycle;Waste Management;Waste Management	1.6.2	4	1;1.6;1.6.2;1.6.2.2		2025-05-09
1.6.2.2.1	Route optimization Transportation		Circular Economy;Recycle;Waste Management;Route optimization Transportation;Route optimization Transportation	1.6.2.2	5	1;1.6;1.6.2;1.6.2.2;1.6.2.2.1		2025-05-09
1.6.2.2.2	Advanced recycling tech		Circular Economy;Recycle;Waste Management;Advanced recycling tech;Advanced recycling tech	1.6.2.2	5	1;1.6;1.6.2;1.6.2.2;1.6.2.2.2		2025-05-09
1.6.2.2.2.1	Item detection		Circular Economy;Recycle;Waste Management;Advanced recycling tech;Item detection;Item detection	1.6.2.2.2	6	1;1.6;1.6.2;1.6.2.2;1.6.2.2.2;1.6.2.2.2.1		2025-05-09
1.6.2.2.2.2	Hazard detection		Circular Economy;Recycle;Waste Management;Advanced recycling tech;Hazard detection;Hazard detection	1.6.2.2.2	6	1;1.6;1.6.2;1.6.2.2;1.6.2.2.2;1.6.2.2.2.2		2025-05-09
1.6.2.2.2.3	Sorting robots		Circular Economy;Recycle;Waste Management;Advanced recycling tech;Sorting robots;Sorting robots	1.6.2.2.2	6	1;1.6;1.6.2;1.6.2.2;1.6.2.2.2;1.6.2.2.2.3		2025-05-09
1.6.2.2.3	Waste traceability & analytics	1.6.2.2.3.100;1.6.2.2.3.101	Circular Economy;Recycle;Waste Management;Waste traceability & analytics;Waste traceability & analytics	1.6.2.2	5	1;1.6;1.6.2;1.6.2.2;1.6.2.2.3		2025-05-09
1.6.3	Reduce	1.6.3.100;1.6.3.101	Circular Economy;Reduce;Reduce	1.6	3	1;1.6;1.6.3		2025-05-09
1.6.3.1	Consumer Facing	1.6.3.1.100;1.6.3.1.101;1.6.3.1.102;1.6.3.1.103	Circular Economy;Reduce;Consumer Facing;Consumer Facing	1.6.3	4	1;1.6;1.6.3;1.6.3.1		2025-05-09
1.6.3.1.1	Repair		Circular Economy;Reduce;Consumer Facing;Repair;Repair	1.6.3.1	5	1;1.6;1.6.3;1.6.3.1;1.6.3.1.1		2025-05-09
1.6.3.1.2	Rental		Circular Economy;Reduce;Consumer Facing;Rental;Rental	1.6.3.1	5	1;1.6;1.6.3;1.6.3.1;1.6.3.1.2		2025-05-09
1.6.3.1.3	Second Hand		Circular Economy;Reduce;Consumer Facing;Second Hand;Second Hand	1.6.3.1	5	1;1.6;1.6.3;1.6.3.1;1.6.3.1.3		2025-05-09
1.6.3.2	Packaging	1.6.3.2.100;1.6.3.2.101	Circular Economy;Reduce;Packaging;Packaging	1.6.3	4	1;1.6;1.6.3;1.6.3.2		2025-05-09
1.6.4	Re-use	1.6.4.100;1.6.4.101;1.6.4.102;1.6.4.103;1.6.4.104	Circular Economy;Re-use;Re-use	1.6	3	1;1.6;1.6.4		2025-05-09
1.6.4.1	New Sustainable Packaging		Circular Economy;Re-use;New Sustainable Packaging;New Sustainable Packaging	1.6.4	4	1;1.6;1.6.4;1.6.4.1		2025-05-09
1.6.4.2	Return		Circular Economy;Re-use;Return;Return	1.6.4	4	1;1.6;1.6.4;1.6.4.2		2025-05-09
1.6.4.3	Food waste prevention & recovery	1.6.4.1.100;1.6.4.3.101;1.6.4.3.102;1.6.4.3.103;1.6.4.3.104	Circular Economy;Re-use;Food waste prevention & recovery;Food waste prevention & recovery	1.6.4	4	1;1.6;1.6.4;1.6.4.3		2025-05-09
1.7	Industry	1.7.1.1.100;1.7.1.1.101;1.7.1.1.102	Industry;Industry	1	2	1;1.7		2025-05-09
1.7.1	Minerals		Industry;Minerals;Minerals	1.7	3	1;1.7;1.7.1		2025-05-09
1.7.1.1	Mining		Industry;Minerals;Mining;Mining	1.7.1	4	1;1.7;1.7.1;1.7.1.1		2025-05-09
1.7.1.1.1	Automation		Industry;Minerals;Mining;Automation;Automation	1.7.1.1	5	1;1.7;1.7.1;1.7.1.1;1.7.1.1.1		2025-05-09
1.7.1.1.2	Hauling		Industry;Minerals;Mining;Hauling;Hauling	1.7.1.1	5	1;1.7;1.7.1;1.7.1.1;1.7.1.1.2		2025-05-09
1.7.1.1.3	Transport		Industry;Minerals;Mining;Transport;Transport	1.7.1.1	5	1;1.7;1.7.1;1.7.1.1;1.7.1.1.3		2025-05-09
1.7.1.1.4	Equipment upgrades & replacement		Industry;Minerals;Mining;Equipment upgrades & replacement;Equipment upgrades & replacement	1.7.1.1	5	1;1.7;1.7.1;1.7.1.1;1.7.1.1.4		2025-05-09
1.7.1.1.5	Sea-based Mining		Industry;Minerals;Mining;Sea-based Mining;Sea-based Mining	1.7.1.1	5	1;1.7;1.7.1;1.7.1.1;1.7.1.1.5		2025-05-09
1.7.1.2	Battery Metals	1.7.1.2.100;1.7.1.2.101	Industry;Minerals;Battery Metals;Battery Metals	1.7.1	4	1;1.7;1.7.1;1.7.1.2		2025-05-09
1.7.1.2.1	Cobalt		Industry;Minerals;Battery Metals;Cobalt;Cobalt	1.7.1.2	5	1;1.7;1.7.1;1.7.1.2;1.7.1.2.1		2025-05-09
1.7.1.2.2	Nickel	1.7.1.2.2.100	Industry;Minerals;Battery Metals;Nickel;Nickel	1.7.1.2	5	1;1.7;1.7.1;1.7.1.2;1.7.1.2.2		2025-05-09
1.7.1.2.3	Direct Lithium Extraction	1.7.1.2.3.100;1.7.1.2.3.101;1.7.1.2.3.102	Industry;Minerals;Battery Metals;Direct Lithium Extraction;Direct Lithium Extraction	1.7.1.2	5	1;1.7;1.7.1;1.7.1.2;1.7.1.2.3		2025-05-09
1.7.1.2.4	Synthetic graphite		Industry;Minerals;Battery Metals;Synthetic graphite;Synthetic graphite	1.7.1.2	5	1;1.7;1.7.1;1.7.1.2;1.7.1.2.4		2025-05-09
1.7.2	Materials	1.7.2.100;1.7.2.101	Industry;Materials;Materials	1.7	3	1;1.7;1.7.2		2025-05-09
1.7.2.1	Building Materials		Industry;Materials;Building Materials;Building Materials	1.7.2	4	1;1.7;1.7.2;1.7.2.1		2025-05-09
1.7.2.1.1	Concrete		Industry;Materials;Building Materials;Concrete;Concrete	1.7.2.1	5	1;1.7;1.7.2;1.7.2.1;1.7.2.1.1		2025-05-09
1.7.2.1.2	Sustainable bricks		Industry;Materials;Building Materials;Sustainable bricks;Sustainable bricks	1.7.2.1	5	1;1.7;1.7.2;1.7.2.1;1.7.2.1.2		2025-05-09
1.7.2.1.3	Clean Steel		Industry;Materials;Building Materials;Clean Steel;Clean Steel	1.7.2.1	5	1;1.7;1.7.2;1.7.2.1;1.7.2.1.3		2025-05-09
1.7.2.1.4	Aluminium		Industry;Materials;Building Materials;Aluminium;Aluminium	1.7.2.1	5	1;1.7;1.7.2;1.7.2.1;1.7.2.1.4		2025-05-09
1.7.2.2	Packaging		Industry;Materials;Packaging;Packaging	1.7.2	4	1;1.7;1.7.2;1.7.2.2		2025-05-09
1.7.2.2.1	Paper / Pulp		Industry;Materials;Packaging;Paper / Pulp;Paper / Pulp	1.7.2.2	5	1;1.7;1.7.2;1.7.2.2;1.7.2.2.1		2025-05-09
1.7.2.2.2	Carbon black		Industry;Materials;Packaging;Carbon black;Carbon black	1.7.2.2	5	1;1.7;1.7.2;1.7.2.2;1.7.2.2.2		2025-05-09
1.7.2.2.3	Plastics		Industry;Materials;Packaging;Plastics;Plastics	1.7.2.2	5	1;1.7;1.7.2;1.7.2.2;1.7.2.2.3		2025-05-09
1.7.3	Other Industries		Industry;Other Industries;Other Industries	1.7	3	1;1.7;1.7.3		2025-05-09
1.7.4	Software		Industry;Software;Software	1.7	3	1;1.7;1.7.4		2025-05-09
1.7.4.1	Emissions		Industry;Software;Emissions;Emissions	1.7.4	4	1;1.7;1.7.4;1.7.4.1		2025-05-09
1.7.4.2	Material Discovery		Industry;Software;Material Discovery;Material Discovery	1.7.4	4	1;1.7;1.7.4;1.7.4.2		2025-05-09
1.7.4.3	Energy & Heat	1.7.4.3.100;1.7.4.3.101	Industry;Software;Energy & Heat;Energy & Heat	1.7.4	4	1;1.7;1.7.4;1.7.4.3		2025-05-09
1.7.4.4	Waste & Recycling		Industry;Software;Waste & Recycling;Waste & Recycling	1.7.4	4	1;1.7;1.7.4;1.7.4.4		2025-05-09
1.8	Fuels & Chemicals	1.8.1.100;1.8.1.101	Fuels & Chemicals;Fuels & Chemicals	1	2	1;1.8		2025-05-09
1.8.1	Hydrogen		Fuels & Chemicals;Hydrogen;Hydrogen	1.8	3	1;1.8;1.8.1		2025-05-09
1.8.1.1	Production		Fuels & Chemicals;Hydrogen;Production;Production	1.8.1	4	1;1.8;1.8.1;1.8.1.1		2025-05-09
1.8.1.1.1	Software		Fuels & Chemicals;Hydrogen;Production;Software;Software	1.8.1.1	5	1;1.8;1.8.1;1.8.1.1;1.8.1.1.1		2025-05-09
1.8.1.1.2	Electrolysis		Fuels & Chemicals;Hydrogen;Production;Electrolysis;Electrolysis	1.8.1.1	5	1;1.8;1.8.1;1.8.1.1;1.8.1.1.2		2025-05-09
1.8.1.1.2.1	Alkaline		Fuels & Chemicals;Hydrogen;Production;Electrolysis;Alkaline;Alkaline	1.8.1.1.2	6	1;1.8;1.8.1;1.8.1.1;1.8.1.1.2;1.8.1.1.2.1		2025-05-09
1.8.1.1.2.2	SOEC		Fuels & Chemicals;Hydrogen;Production;Electrolysis;SOEC;SOEC	1.8.1.1.2	6	1;1.8;1.8.1;1.8.1.1;1.8.1.1.2;1.8.1.1.2.2		2025-05-09
1.8.1.1.2.3	PEM		Fuels & Chemicals;Hydrogen;Production;Electrolysis;PEM;PEM	1.8.1.1.2	6	1;1.8;1.8.1;1.8.1.1;1.8.1.1.2;1.8.1.1.2.3		2025-05-09
1.8.1.1.3	Blue Hydrogen		Fuels & Chemicals;Hydrogen;Production;Blue Hydrogen;Blue Hydrogen	1.8.1.1	5	1;1.8;1.8.1;1.8.1.1;1.8.1.1.3		2025-05-09
1.8.1.1.4	Pyrolysis		Fuels & Chemicals;Hydrogen;Production;Pyrolysis;Pyrolysis	1.8.1.1	5	1;1.8;1.8.1;1.8.1.1;1.8.1.1.4		2025-05-09
1.8.1.1.5	Onsite SMR + CCS		Fuels & Chemicals;Hydrogen;Production;Onsite SMR + CCS;Onsite SMR + CCS	1.8.1.1	5	1;1.8;1.8.1;1.8.1.1;1.8.1.1.5		2025-05-09
1.8.1.1.6	Waste & biomethane to Hydrogen		Fuels & Chemicals;Hydrogen;Production;Waste & biomethane to Hydrogen;Waste & biomethane to Hydrogen	1.8.1.1	5	1;1.8;1.8.1;1.8.1.1;1.8.1.1.6		2025-05-09
1.8.1.1.6.1	Plasma-based		Fuels & Chemicals;Hydrogen;Production;Waste & biomethane to Hydrogen;Plasma-based;Plasma-based	1.8.1.1.6	6	1;1.8;1.8.1;1.8.1.1;1.8.1.1.6;1.8.1.1.6.1		2025-05-09
1.8.1.1.6.2	Gasification		Fuels & Chemicals;Hydrogen;Production;Waste & biomethane to Hydrogen;Gasification;Gasification	1.8.1.1.6	6	1;1.8;1.8.1;1.8.1.1;1.8.1.1.6;1.8.1.1.6.2		2025-05-09
1.8.1.2	Transportation		Fuels & Chemicals;Hydrogen;Transportation;Transportation	1.8.1	4	1;1.8;1.8.1;1.8.1.2		2025-05-09
1.8.1.2.1	Gas compression		Fuels & Chemicals;Hydrogen;Transportation;Gas compression;Gas compression	1.8.1.2	5	1;1.8;1.8.1;1.8.1.2;1.8.1.2.1		2025-05-09
1.8.1.2.2	Gas phase trucking		Fuels & Chemicals;Hydrogen;Transportation;Gas phase trucking;Gas phase trucking	1.8.1.2	5	1;1.8;1.8.1;1.8.1.2;1.8.1.2.2		2025-05-09
1.8.1.2.3	Pipeline		Fuels & Chemicals;Hydrogen;Transportation;Pipeline;Pipeline	1.8.1.2	5	1;1.8;1.8.1;1.8.1.2;1.8.1.2.3		2025-05-09
1.8.1.2.4	Liquid trucking		Fuels & Chemicals;Hydrogen;Transportation;Liquid trucking;Liquid trucking	1.8.1.2	5	1;1.8;1.8.1;1.8.1.2;1.8.1.2.4		2025-05-09
1.8.1.2.4.1	Liquification		Fuels & Chemicals;Hydrogen;Transportation;Liquid trucking;Liquification;Liquification	1.8.1.2.4	6	1;1.8;1.8.1;1.8.1.2;1.8.1.2.4;1.8.1.2.4.1		2025-05-09
1.8.1.3	Storage		Fuels & Chemicals;Hydrogen;Storage;Storage	1.8.1	4	1;1.8;1.8.1;1.8.1.3		2025-05-09
1.8.1.3.1	Chemical Storage		Fuels & Chemicals;Hydrogen;Storage;Chemical Storage;Chemical Storage	1.8.1.3	5	1;1.8;1.8.1;1.8.1.3;1.8.1.3.1		2025-05-09
1.8.1.3.2	Solid State		Fuels & Chemicals;Hydrogen;Storage;Solid State;Solid State	1.8.1.3	5	1;1.8;1.8.1;1.8.1.3;1.8.1.3.2		2025-05-09
1.8.1.3.3	Compressed Gas Tank		Fuels & Chemicals;Hydrogen;Storage;Compressed Gas Tank;Compressed Gas Tank	1.8.1.3	5	1;1.8;1.8.1;1.8.1.3;1.8.1.3.3		2025-05-09
1.8.1.3.4	Liquid		Fuels & Chemicals;Hydrogen;Storage;Liquid;Liquid	1.8.1.3	5	1;1.8;1.8.1;1.8.1.3;1.8.1.3.4		2025-05-09
1.8.1.3.5	Salt Cavern		Fuels & Chemicals;Hydrogen;Storage;Salt Cavern;Salt Cavern	1.8.1.3	5	1;1.8;1.8.1;1.8.1.3;1.8.1.3.5		2025-05-09
1.8.1.4	End-use		Fuels & Chemicals;Hydrogen;End-use;End-use	1.8.1	4	1;1.8;1.8.1;1.8.1.4		2025-05-09
1.8.1.4.1	Transportation		Fuels & Chemicals;Hydrogen;End-use;Transportation;Transportation	1.8.1.4	5	1;1.8;1.8.1;1.8.1.4;1.8.1.4.1		2025-05-09
1.8.1.4.1.1	Plane Fuel		Fuels & Chemicals;Hydrogen;End-use;Transportation;Plane Fuel;Plane Fuel	1.8.1.4.1	6	1;1.8;1.8.1;1.8.1.4;1.8.1.4.1;1.8.1.4.1.1		2025-05-09
1.8.1.4.1.2	Maritime		Fuels & Chemicals;Hydrogen;End-use;Transportation;Maritime;Maritime	1.8.1.4.1	6	1;1.8;1.8.1;1.8.1.4;1.8.1.4.1;1.8.1.4.1.2		2025-05-09
1.8.1.4.1.3	Heavy and medium duty Road Transport		Fuels & Chemicals;Hydrogen;End-use;Transportation;Heavy and medium duty Road Transport;Heavy and medium duty Road Transport	1.8.1.4.1	6	1;1.8;1.8.1;1.8.1.4;1.8.1.4.1;1.8.1.4.1.3		2025-05-09
1.8.1.4.2	Industry		Fuels & Chemicals;Hydrogen;End-use;Industry;Industry	1.8.1.4	5	1;1.8;1.8.1;1.8.1.4;1.8.1.4.2		2025-05-09
1.8.1.4.2.1	Ammonia		Fuels & Chemicals;Hydrogen;End-use;Industry;Ammonia;Ammonia	1.8.1.4.2	6	1;1.8;1.8.1;1.8.1.4;1.8.1.4.2;1.8.1.4.2.1		2025-05-09
1.8.1.4.2.2	Refining		Fuels & Chemicals;Hydrogen;End-use;Industry;Refining;Refining	1.8.1.4.2	6	1;1.8;1.8.1;1.8.1.4;1.8.1.4.2;1.8.1.4.2.2		2025-05-09
1.8.1.4.2.3	Steel		Fuels & Chemicals;Hydrogen;End-use;Industry;Steel;Steel	1.8.1.4.2	6	1;1.8;1.8.1;1.8.1.4;1.8.1.4.2;1.8.1.4.2.3		2025-05-09
1.8.1.4.2.4	Chemicals		Fuels & Chemicals;Hydrogen;End-use;Industry;Chemicals;Chemicals	1.8.1.4.2	6	1;1.8;1.8.1;1.8.1.4;1.8.1.4.2;1.8.1.4.2.4		2025-05-09
1.8.1.4.2.5	Industrial Heat		Fuels & Chemicals;Hydrogen;End-use;Industry;Industrial Heat;Industrial Heat	1.8.1.4.2	6	1;1.8;1.8.1;1.8.1.4;1.8.1.4.2;1.8.1.4.2.5		2025-05-09
1.8.1.4.3	Fuel cell manufacturers		Fuels & Chemicals;Hydrogen;End-use;Fuel cell manufacturers;Fuel cell manufacturers	1.8.1.4	5	1;1.8;1.8.1;1.8.1.4;1.8.1.4.3		2025-05-09
1.8.1.4.4	Power		Fuels & Chemicals;Hydrogen;End-use;Power;Power	1.8.1.4	5	1;1.8;1.8.1;1.8.1.4;1.8.1.4.4		2025-05-09
1.8.1.4.4.1	Power Generation		Fuels & Chemicals;Hydrogen;End-use;Power;Power Generation;Power Generation	1.8.1.4.4	6	1;1.8;1.8.1;1.8.1.4;1.8.1.4.4;1.8.1.4.4.1		2025-05-09
1.8.1.4.4.2	Natural Gas Blending		Fuels & Chemicals;Hydrogen;End-use;Power;Natural Gas Blending;Natural Gas Blending	1.8.1.4.4	6	1;1.8;1.8.1;1.8.1.4;1.8.1.4.4;1.8.1.4.4.2		2025-05-09
1.8.1.4.5	Building Heat		Fuels & Chemicals;Hydrogen;End-use;Building Heat;Building Heat	1.8.1.4	5	1;1.8;1.8.1;1.8.1.4;1.8.1.4.5		2025-05-09
1.8.2	Alternative Fuels		Fuels & Chemicals;Alternative Fuels;Alternative Fuels	1.8	3	1;1.8;1.8.2		2025-05-09
1.8.2.1	Biogas / RNG		Fuels & Chemicals;Alternative Fuels;Biogas / RNG;Biogas / RNG	1.8.2	4	1;1.8;1.8.2;1.8.2.1		2025-05-09
1.8.2.2	Ammonia		Fuels & Chemicals;Alternative Fuels;Ammonia;Ammonia	1.8.2	4	1;1.8;1.8.2;1.8.2.2		2025-05-09
1.8.2.3	Methanol		Fuels & Chemicals;Alternative Fuels;Methanol;Methanol	1.8.2	4	1;1.8;1.8.2;1.8.2.3		2025-05-09
1.8.2.4	Renewable Diesel		Fuels & Chemicals;Alternative Fuels;Renewable Diesel;Renewable Diesel	1.8.2	4	1;1.8;1.8.2;1.8.2.4		2025-05-09
1.8.2.5	Butanol		Fuels & Chemicals;Alternative Fuels;Butanol;Butanol	1.8.2	4	1;1.8;1.8.2;1.8.2.5		2025-05-09
1.8.2.6	Ethanol		Fuels & Chemicals;Alternative Fuels;Ethanol;Ethanol	1.8.2	4	1;1.8;1.8.2;1.8.2.6		2025-05-09
1.8.3	Enzymes		Fuels & Chemicals;Enzymes;Enzymes	1.8	3	1;1.8;1.8.3		2025-05-09
1.8.4	Leak detection and management		Fuels & Chemicals;Leak detection and management;Leak detection and management	1.8	3	1;1.8;1.8.4		2025-05-09
1.8.5	High value chemicals	1.8.5.100;1.8.5.101	Fuels & Chemicals;High value chemicals;High value chemicals	1.8	3	1;1.8;1.8.5		2025-05-09
1.8.5.1	Ethylene		Fuels & Chemicals;High value chemicals;Ethylene;Ethylene	1.8.5	4	1;1.8;1.8.5;1.8.5.1		2025-05-09
1.8.5.2	Propylene		Fuels & Chemicals;High value chemicals;Propylene;Propylene	1.8.5	4	1;1.8;1.8.5;1.8.5.2		2025-05-09
1.8.5.3	BTX aromatics		Fuels & Chemicals;High value chemicals;BTX aromatics;BTX aromatics	1.8.5	4	1;1.8;1.8.5;1.8.5.3		2025-05-09
1.8.6	Carbon Capture and Sequestration		Fuels & Chemicals;Carbon Capture and Sequestration;Carbon Capture and Sequestration	1.8	3	1;1.8;1.8.6		2025-05-09
1.9	Buildings	1.9.100;1.9.101;1.9.102;1.9.103	Buildings;Buildings	1	2	1;1.9		2025-05-09
1.9.1	Construction		Buildings;Construction;Construction	1.9	3	1;1.9;1.9.1		2025-05-09
1.9.1.1	Pre-Fabrication		Buildings;Construction;Pre-Fabrication;Pre-Fabrication	1.9.1	4	1;1.9;1.9.1;1.9.1.1		2025-05-09
1.9.1.2	Building Materials	1.9.1.2.100	Buildings;Construction;Building Materials;Building Materials	1.9.1	4	1;1.9;1.9.1;1.9.1.2		2025-05-09
1.9.1.3	Building Assembly Automation		Buildings;Construction;Building Assembly Automation;Building Assembly Automation	1.9.1	4	1;1.9;1.9.1;1.9.1.3		2025-05-09
1.9.1.4	Building Code	1.9.1.4.100	Buildings;Construction;Building Code;Building Code	1.9.1	4	1;1.9;1.9.1;1.9.1.4		2025-05-09
1.9.1.5	Additional Dwelling Unit		Buildings;Construction;Additional Dwelling Unit;Additional Dwelling Unit	1.9.1	4	1;1.9;1.9.1;1.9.1.5		2025-05-09
1.9.1.6	Material Planning & Management		Buildings;Construction;Material Planning & Management;Material Planning & Management	1.9.1	4	1;1.9;1.9.1;1.9.1.6		2025-05-09
1.9.2	Building Envelope		Buildings;Building Envelope;Building Envelope	1.9	3	1;1.9;1.9.2		2025-05-09
1.9.2.1	Windows		Buildings;Building Envelope;Windows;Windows	1.9.2	4	1;1.9;1.9.2;1.9.2.1		2025-05-09
1.9.2.2	Insulation	1.9.2.2.100	Buildings;Building Envelope;Insulation;Insulation	1.9.2	4	1;1.9;1.9.2;1.9.2.2		2025-05-09
1.9.2.3	Air Sealing		Buildings;Building Envelope;Air Sealing;Air Sealing	1.9.2	4	1;1.9;1.9.2;1.9.2.3		2025-05-09
1.9.2.4	Roof		Buildings;Building Envelope;Roof;Roof	1.9.2	4	1;1.9;1.9.2;1.9.2.4		2025-05-09
1.9.3	Heating	1.9.3.100;1.9.3.101	Buildings;Heating;Heating	1.9	3	1;1.9;1.9.3		2025-05-09
1.9.3.1	Heat pumps	1.9.3.1.100	Buildings;Heating;Heat pumps;Heat pumps	1.9.3	4	1;1.9;1.9.3;1.9.3.1		2025-05-09
1.9.3.1.1	Ground		Buildings;Heating;Heat pumps;Ground;Ground	1.9.3.1	5	1;1.9;1.9.3;1.9.3.1;1.9.3.1.1		2025-05-09
1.9.3.1.2	Air		Buildings;Heating;Heat pumps;Air;Air	1.9.3.1	5	1;1.9;1.9.3;1.9.3.1;1.9.3.1.2		2025-05-09
1.9.3.1.3	Gas		Buildings;Heating;Heat pumps;Gas;Gas	1.9.3.1	5	1;1.9;1.9.3;1.9.3.1;1.9.3.1.3		2025-05-09
1.9.3.1.4	Industrial		Buildings;Heating;Heat pumps;Industrial;Industrial	1.9.3.1	5	1;1.9;1.9.3;1.9.3.1;1.9.3.1.4		2025-05-09
1.9.3.2	Hydrogen		Buildings;Heating;Hydrogen;Hydrogen	1.9.3	4	1;1.9;1.9.3;1.9.3.2		2025-05-09
1.9.4	Cooling	1.9.4.100;1.9.4.101	Buildings;Cooling;Cooling	1.9	3	1;1.9;1.9.4		2025-05-09
1.9.4.1	Lower GHG refrigrants		Buildings;Cooling;Lower GHG refrigrants;Lower GHG refrigrants	1.9.4	4	1;1.9;1.9.4;1.9.4.1		2025-05-09
1.9.4.2	Smart refrigeration		Buildings;Cooling;Smart refrigeration;Smart refrigeration	1.9.4	4	1;1.9;1.9.4;1.9.4.2		2025-05-09
1.9.5	Home Automation		Buildings;Home Automation;Home Automation	1.9	3	1;1.9;1.9.5		2025-05-09
1.9.5.1	Smart thermostats		Buildings;Home Automation;Smart thermostats;Smart thermostats	1.9.5	4	1;1.9;1.9.5;1.9.5.1		2025-05-09
1.9.5.2	Data		Buildings;Home Automation;Data;Data	1.9.5	4	1;1.9;1.9.5;1.9.5.2		2025-05-09
1.9.5.3	Lighting		Buildings;Home Automation;Lighting;Lighting	1.9.5	4	1;1.9;1.9.5;1.9.5.3		2025-05-09
1.9.6	Induction Stoves		Buildings;Induction Stoves;Induction Stoves	1.9	3	1;1.9;1.9.6		2025-05-09
1.9.6.1	Appliances & Equipment		Buildings;Induction Stoves;Appliances & Equipment;Appliances & Equipment	1.9.6	4	1;1.9;1.9.6;1.9.6.1		2025-05-09
1.9.7	Software	1.9.7.100	Buildings;Software;Software	1.9	3	1;1.9;1.9.7		2025-05-09
1.9.7.1	Planning		Buildings;Software;Planning;Planning	1.9.7	4	1;1.9;1.9.7;1.9.7.1		2025-05-09
1.9.7.2	Optimisation		Buildings;Software;Optimisation;Optimisation	1.9.7	4	1;1.9;1.9.7;1.9.7.2		2025-05-09
1.9.7.3	Financing		Buildings;Software;Financing;Financing	1.9.7	4	1;1.9;1.9.7;1.9.7.3		2025-05-09
1.9.8	Workforce		Buildings;Workforce;Workforce	1.9	3	1;1.9;1.9.8		2025-05-09
1.9.8.1	Recruiting		Buildings;Workforce;Recruiting;Recruiting	1.9.8	4	1;1.9;1.9.8;1.9.8.1		2025-05-09
1.9.8.2	Training		Buildings;Workforce;Training;Training	1.9.8	4	1;1.9;1.9.8;1.9.8.2		2025-05-09
1.9.8.3	Engagement		Buildings;Workforce;Engagement;Engagement	1.9.8	4	1;1.9;1.9.8;1.9.8.3		2025-05-09
1.9.8.4	Software		Buildings;Workforce;Software;Software	1.9.8	4	1;1.9;1.9.8;1.9.8.4		2025-05-09
1.10	Climate intelligence	1.10.100;1.10.101	Climate intelligence;Climate intelligence	1	2	1;1.10		2025-05-09
1.10.1	ESG ratings		Climate intelligence;ESG ratings;ESG ratings	1.10	3	1;1.10;1.10.1		2025-05-09
1.10.2	ESG commercial real estate		Climate intelligence;ESG commercial real estate;ESG commercial real estate	1.10	3	1;1.10;1.10.2		2025-05-09
1.10.3	Climate insurance		Climate intelligence;Climate insurance;Climate insurance	1.10	3	1;1.10;1.10.3		2025-05-09
1.10.4	Emissions monitoring		Climate intelligence;Emissions monitoring;Emissions monitoring	1.10	3	1;1.10;1.10.4		2025-05-09
1.10.5	Emergency Support		Climate intelligence;Emergency Support;Emergency Support	1.10	3	1;1.10;1.10.5		2025-05-09
1.10.6	Carbon Intelligence Platform		Climate intelligence;Carbon Intelligence Platform;Carbon Intelligence Platform	1.10	3	1;1.10;1.10.6		2025-05-09
1.10.6.1	Climate Modeling		Climate intelligence;Carbon Intelligence Platform;Climate Modeling;Climate Modeling	1.10.6	4	1;1.10;1.10.6;1.10.6.1		2025-05-09
1.10.7	Consumer-facing software		Climate intelligence;Consumer-facing software;Consumer-facing software	1.10	3	1;1.10;1.10.7		2025-05-09
1.10.7.1	Billing		Climate intelligence;Consumer-facing software;Billing;Billing	1.10.7	4	1;1.10;1.10.7;1.10.7.1		2025-05-09
1.10.7.2	Sustainable investing tools		Climate intelligence;Consumer-facing software;Sustainable investing tools;Sustainable investing tools	1.10.7	4	1;1.10;1.10.7;1.10.7.2		2025-05-09
1.10.7.3	Offsets purchasing programs		Climate intelligence;Consumer-facing software;Offsets purchasing programs;Offsets purchasing programs	1.10.7	4	1;1.10;1.10.7;1.10.7.3		2025-05-09
1.10.7.4	Carbon footprint	1.10.7.4.100	Climate intelligence;Consumer-facing software;Carbon footprint;Carbon footprint	1.10.7	4	1;1.10;1.10.7;1.10.7.4		2025-05-09
1.10.7.5	Carbon actions		Climate intelligence;Consumer-facing software;Carbon actions;Carbon actions	1.10.7	4	1;1.10;1.10.7;1.10.7.5		2025-05-09
1.10.8	Enterprise software		Climate intelligence;Enterprise software;Enterprise software	1.10	3	1;1.10;1.10.8		2025-05-09
1.10.8.1	Carbon accounting		Climate intelligence;Enterprise software;Carbon accounting;Carbon accounting	1.10.8	4	1;1.10;1.10.8;1.10.8.1		2025-05-09
1.10.8.2	Emissions Measurement		Climate intelligence;Enterprise software;Emissions Measurement;Emissions Measurement	1.10.8	4	1;1.10;1.10.8;1.10.8.2		2025-05-09
1.10.8.3	Reporting		Climate intelligence;Enterprise software;Reporting;Reporting	1.10.8	4	1;1.10;1.10.8;1.10.8.3		2025-05-09
1.10.8.4	Data platforms		Climate intelligence;Enterprise software;Data platforms;Data platforms	1.10.8	4	1;1.10;1.10.8;1.10.8.4		2025-05-09
1.10.8.5	Net zero planning	1.10.8.5.100;1.10.8.5.101;1.10.8.5.102;1.10.8.5.103;1.10.8.5.104;1.10.8.5.105	Climate intelligence;Enterprise software;Net zero planning;Net zero planning	1.10.8	4	1;1.10;1.10.8;1.10.8.5		2025-05-09
1.10.8.6	Offsets management	1.10.8.6.100;1.10.8.6.101	Climate intelligence;Enterprise software;Offsets management;Offsets management	1.10.8	4	1;1.10;1.10.8;1.10.8.6		2025-05-09
1.10.8.7	Risk assessment	1.10.8.7.100	Climate intelligence;Enterprise software;Risk assessment;Risk assessment	1.10.8	4	1;1.10;1.10.8;1.10.8.7		2025-05-09
1.10.8.8	Emissions monitoring (from internal sources)	1.10.8.8.100;1.10.8.8.101	Climate intelligence;Enterprise software;Emissions monitoring (from internal sources);Emissions monitoring (from internal sources)	1.10.8	4	1;1.10;1.10.8;1.10.8.8		2025-05-09
1.10.9	Utility Focused Software	1.10.9.100	Climate intelligence;Utility Focused Software;Utility Focused Software	1.10	3	1;1.10;1.10.9		2025-05-09
1.11	Finance	1.11.100	Finance;Finance	1	2	1;1.11		2025-05-09
1.11.1	Insurance		Finance;Insurance;Insurance	1.11	3	1;1.11;1.11.1		2025-05-09
1.11.1.1	Climate Risk		Finance;Insurance;Climate Risk;Climate Risk	1.11.1	4	1;1.11;1.11.1;1.11.1.1		2025-05-09
1.11.1.1.1	Modeling		Finance;Insurance;Climate Risk;Modeling;Modeling	1.11.1.1	5	1;1.11;1.11.1;1.11.1.1;1.11.1.1.1		2025-05-09
1.11.1.1.2	Analytics		Finance;Insurance;Climate Risk;Analytics;Analytics	1.11.1.1	5	1;1.11;1.11.1;1.11.1.1;1.11.1.1.2		2025-05-09
1.11.1.2	Brokers		Finance;Insurance;Brokers;Brokers	1.11.1	4	1;1.11;1.11.1;1.11.1.2		2025-05-09
1.11.1.3	Reinsurance		Finance;Insurance;Reinsurance;Reinsurance	1.11.1	4	1;1.11;1.11.1;1.11.1.3		2025-05-09
1.11.2	Investment	1.11.2.100;1.11.2.101	Finance;Investment;Investment	1.11	3	1;1.11;1.11.2		2025-05-09
1.11.2.1	Climate Angels		Finance;Investment;Climate Angels;Climate Angels	1.11.2	4	1;1.11;1.11.2;1.11.2.1		2025-05-09
1.11.2.2	Climate Accelerators	1.11.2.2.100;1.11.2.2.101;1.11.2.2.102	Finance;Investment;Climate Accelerators;Climate Accelerators	1.11.2	4	1;1.11;1.11.2;1.11.2.2		2025-05-09
1.11.2.3	Venture Capital	1.11.2.3.100;1.11.2.3.101	Finance;Investment;Venture Capital;Venture Capital	1.11.2	4	1;1.11;1.11.2;1.11.2.3		2025-05-09
1.11.2.4	Venture Debt and Growth Equity		Finance;Investment;Venture Debt and Growth Equity;Venture Debt and Growth Equity	1.11.2	4	1;1.11;1.11.2;1.11.2.4		2025-05-09
1.11.2.5	Corporate Investment	1.11.2.5.100	Finance;Investment;Corporate Investment;Corporate Investment	1.11.2	4	1;1.11;1.11.2;1.11.2.5		2025-05-09
1.11.2.6	Project finance and FOAK		Finance;Investment;Project finance and FOAK;Project finance and FOAK	1.11.2	4	1;1.11;1.11.2;1.11.2.6		2025-05-09
1.11.3	Capital Market	1.11.3.100;1.11.3.101	Finance;Capital Market;Capital Market	1.11	3	1;1.11;1.11.3		2025-05-09
1.11.3.1	Private Credit		Finance;Capital Market;Private Credit;Private Credit	1.11.3	4	1;1.11;1.11.3;1.11.3.1		2025-05-09
1.11.3.2	PE		Finance;Capital Market;PE;PE	1.11.3	4	1;1.11;1.11.3;1.11.3.2		2025-05-09
1.11.3.3	Endowments		Finance;Capital Market;Endowments;Endowments	1.11.3	4	1;1.11;1.11.3;1.11.3.3		2025-05-09
1.11.4	Ratings		Finance;Ratings;Ratings	1.11	3	1;1.11;1.11.4		2025-05-09
1.11.4.1	ESG	1.11.4.1.100;1.11.4.1.101	Finance;Ratings;ESG;ESG	1.11.4	4	1;1.11;1.11.4;1.11.4.1		2025-05-09
1.11.4.2	Natural Capital		Finance;Ratings;Natural Capital;Natural Capital	1.11.4	4	1;1.11;1.11.4;1.11.4.2		2025-05-09
1.11.5	Fintech		Finance;Fintech;Fintech	1.11	3	1;1.11;1.11.5		2025-05-09
1.11.5.1	Asset Monitoring		Finance;Fintech;Asset Monitoring;Asset Monitoring	1.11.5	4	1;1.11;1.11.5;1.11.5.1		2025-05-09
1.11.5.2	Carbon Credit Tracking	1.11.5.2.100;1.11.5.2.101;1.11.5.2.102;1.11.5.2.103;1.11.5.2.104	Finance;Fintech;Carbon Credit Tracking;Carbon Credit Tracking	1.11.5	4	1;1.11;1.11.5;1.11.5.2		2025-05-09
1.11.5.3	Tax Credits & Grants	1.11.5.3.100	Finance;Fintech;Tax Credits & Grants;Tax Credits & Grants	1.11.5	4	1;1.11;1.11.5;1.11.5.3		2025-05-09
1.11.5.4	Consumer/Business Financing		Finance;Fintech;Consumer/Business Financing;Consumer/Business Financing	1.11.5	4	1;1.11;1.11.5;1.11.5.4		2025-05-09
1.11.5.4.1	Platform		Finance;Fintech;Consumer/Business Financing;Platform;Platform	1.11.5.4	5	1;1.11;1.11.5;1.11.5.4;1.11.5.4.1		2025-05-09
1.11.5.5	Consumer		Finance;Fintech;Consumer;Consumer	1.11.5	4	1;1.11;1.11.5;1.11.5.5		2025-05-09
1.11.5.6	Impact Investing		Finance;Fintech;Impact Investing;Impact Investing	1.11.5	4	1;1.11;1.11.5;1.11.5.6		2025-05-09
1.11.5.7	Financing	1.11.5.7.100;1.11.5.7.101	Finance;Fintech;Financing;Financing	1.11.5	4	1;1.11;1.11.5;1.11.5.7		2025-05-09
1.12	Carbon Removal	1.12.100;1.12.101;1.12.102;1.12.103;1.12.104	Carbon Removal;Carbon Removal	1	2	1;1.12		2025-05-09
1.12.1	Solutions	1.12.1.100;1.12.1.101;1.12.1.102;1.12.1.103;1.12.1.104;1.12.1.105	Carbon Removal;Solutions;Solutions	1.12	3	1;1.12;1.12.1		2025-05-09
1.12.1.1	Engineered		Carbon Removal;Solutions;Engineered;Engineered	1.12.1	4	1;1.12;1.12.1;1.12.1.1		2025-05-09
1.12.1.1.1	Biochar and Biomass Carbon Removal and Storage (BRICS)		Carbon Removal;Solutions;Engineered;Biochar and Biomass Carbon Removal and Storage (BRICS);Biochar and Biomass Carbon Removal and Storage (BRICS)	1.12.1.1	5	1;1.12;1.12.1;1.12.1.1;1.12.1.1.1		2025-05-09
1.12.1.1.2	Carbon mineralization	1.12.1.1.2.100	Carbon Removal;Solutions;Engineered;Carbon mineralization;Carbon mineralization	1.12.1.1	5	1;1.12;1.12.1;1.12.1.1;1.12.1.1.2		2025-05-09
1.12.1.1.3	Enhanced weathering	1.12.1.1.3.100	Carbon Removal;Solutions;Engineered;Enhanced weathering;Enhanced weathering	1.12.1.1	5	1;1.12;1.12.1;1.12.1.1;1.12.1.1.3		2025-05-09
1.12.1.1.4	Direct Air Capture (DAC)	1.12.1.1.4.100;1.12.1.1.4.101;1.12.1.1.4.102;1.12.1.1.4.103;1.12.1.1.4.104;1.12.1.1.4.105;1.12.1.1.4.106	Carbon Removal;Solutions;Engineered;Direct Air Capture (DAC);Direct Air Capture (DAC)	1.12.1.1	5	1;1.12;1.12.1;1.12.1.1;1.12.1.1.4		2025-05-09
1.12.1.1.5	Bioenergy with Carbon Capture and Storage (BECCS)	1.12.1.1.5.100	Carbon Removal;Solutions;Engineered;Bioenergy with Carbon Capture and Storage (BECCS);Bioenergy with Carbon Capture and Storage (BECCS)	1.12.1.1	5	1;1.12;1.12.1;1.12.1.1;1.12.1.1.5		2025-05-09
1.12.1.1.6	Soil carbon sequestration	1.12.1.1.6.100;1.12.1.1.6.101	Carbon Removal;Solutions;Engineered;Soil carbon sequestration;Soil carbon sequestration	1.12.1.1	5	1;1.12;1.12.1;1.12.1.1;1.12.1.1.6		2025-05-09
1.12.1.2	Nature based	1.12.1.2.100;1.12.1.2.101;1.12.1.2.102;1.12.1.2.103	Carbon Removal;Solutions;Nature based;Nature based	1.12.1	4	1;1.12;1.12.1;1.12.1.2		2025-05-09
1.12.1.2.1	Forests		Carbon Removal;Solutions;Nature based;Forests;Forests	1.12.1.2	5	1;1.12;1.12.1;1.12.1.2;1.12.1.2.1		2025-05-09
1.12.1.2.1.1	Forestation		Carbon Removal;Solutions;Nature based;Forests;Forestation;Forestation	1.12.1.2.1	6	1;1.12;1.12.1;1.12.1.2;1.12.1.2.1;1.12.1.2.1.1		2025-05-09
1.12.1.2.1.2	Tree Engineering		Carbon Removal;Solutions;Nature based;Forests;Tree Engineering;Tree Engineering	1.12.1.2.1	6	1;1.12;1.12.1;1.12.1.2;1.12.1.2.1;1.12.1.2.1.2		2025-05-09
1.12.1.2.2	Oceans		Carbon Removal;Solutions;Nature based;Oceans;Oceans	1.12.1.2	5	1;1.12;1.12.1;1.12.1.2;1.12.1.2.2		2025-05-09
1.12.1.2.2.1	Ocean alkalinity enhancement	1.12.1.2.2.1.100;1.12.1.2.2.1.101	Carbon Removal;Solutions;Nature based;Oceans;Ocean alkalinity enhancement;Ocean alkalinity enhancement	1.12.1.2.2	6	1;1.12;1.12.1;1.12.1.2;1.12.1.2.2;1.12.1.2.2.1		2025-05-09
1.12.1.2.2.2	Mangrove Restoration		Carbon Removal;Solutions;Nature based;Oceans;Mangrove Restoration;Mangrove Restoration	1.12.1.2.2	6	1;1.12;1.12.1;1.12.1.2;1.12.1.2.2;1.12.1.2.2.2		2025-05-09
1.12.1.2.3	Wetlands and Peatlands		Carbon Removal;Solutions;Nature based;Wetlands and Peatlands;Wetlands and Peatlands	1.12.1.2	5	1;1.12;1.12.1;1.12.1.2;1.12.1.2.3		2025-05-09
1.12.1.3	Carbon offset verification, monitoring, and creation	1.12.1.3.100;1.12.1.3.101;1.12.1.3.102;1.12.1.3.103;1.12.1.3.104;1.12.1.3.105;1.12.1.3.106;1.12.1.3.107	Carbon Removal;Solutions;Carbon offset verification, monitoring, and creation;Carbon offset verification, monitoring, and creation	1.12.1	4	1;1.12;1.12.1;1.12.1.3		2025-05-09
1.12.1.3.1	Project management platforms	1.12.1.3.1.100;1.12.1.3.1.101	Carbon Removal;Solutions;Carbon offset verification, monitoring, and creation;Project management platforms;Project management platforms	1.12.1.3	5	1;1.12;1.12.1;1.12.1.3;1.12.1.3.1		2025-05-09
1.12.1.3.2	Offset project crowdfunding		Carbon Removal;Solutions;Carbon offset verification, monitoring, and creation;Offset project crowdfunding;Offset project crowdfunding	1.12.1.3	5	1;1.12;1.12.1;1.12.1.3;1.12.1.3.2		2025-05-09
1.12.1.3.3	Offset APIs		Carbon Removal;Solutions;Carbon offset verification, monitoring, and creation;Offset APIs;Offset APIs	1.12.1.3	5	1;1.12;1.12.1;1.12.1.3;1.12.1.3.3		2025-05-09
1.12.1.3.4	Offsets databases and registries		Carbon Removal;Solutions;Carbon offset verification, monitoring, and creation;Offsets databases and registries;Offsets databases and registries	1.12.1.3	5	1;1.12;1.12.1;1.12.1.3;1.12.1.3.4		2025-05-09
1.12.1.3.5	Offsets marketplaces, exchanges and APIs	1.12.1.3.5.100;1.12.1.3.5.101;1.12.1.3.5.102;1.12.1.3.5.103;1.12.1.3.5.104;	Carbon Removal;Solutions;Carbon offset verification, monitoring, and creation;Offsets marketplaces, exchanges and APIs;Offsets marketplaces, exchanges and APIs	1.12.1.3	5	1;1.12;1.12.1;1.12.1.3;1.12.1.3.5		2025-05-09
1.12.1.3.6	Verification and Certification	1.12.1.3.6.100;1.12.1.3.6.101;1.12.1.3.6.102;1.12.1.3.6.103;1.12.1.3.6.104	Carbon Removal;Solutions;Carbon offset verification, monitoring, and creation;Verification and Certification;Verification and Certification	1.12.1.3	5	1;1.12;1.12.1;1.12.1.3;1.12.1.3.6		2025-05-09